{
  "accuracy": 0.7379972565157751,
  "precision": 0.6403218299778451,
  "recall": 0.85051978204217,
  "f1": 0.6720558161236126
}