{
  "node_classification": {
    "accuracy": 0.9685534591194969,
    "precision": 0.8148148148148149,
    "recall": 0.9756690997566909,
    "f1": 0.8591686091686093
  },
  "edge_classification": {
    "accuracy": 0.8845671267252195,
    "precision": 0.8015103893836214,
    "recall": 0.932318407960199,
    "f1": 0.8472869060573087
  }
}