{
  "accuracy": 0.9864341085271318,
  "precision": 0.7446981464222843,
  "recall": 0.7440476190476191,
  "f1": 0.7443622925297789
}