{
  "accuracy": 0.9871414441147379,
  "precision": 0.9277483580617973,
  "recall": 0.8920991117344553,
  "f1": 0.9086877678390927
}