{
  "node_classification": {
    "accuracy": 0.8842592592592593,
    "precision": 0.6170634920634921,
    "recall": 0.5652173913043478,
    "f1": 0.580042322807596
  },
  "edge_classification": {
    "accuracy": 0.8762376237623762,
    "precision": 0.8150448585231195,
    "recall": 0.9394982078853046,
    "f1": 0.8603074220465525
  }
}