{
  "accuracy": 0.9854881266490765,
  "precision": 0.9255552382765404,
  "recall": 0.9359568792453867,
  "f1": 0.9306331352532076
}