{
  "accuracy": 0.8574660633484162,
  "precision": 0.5883084577114428,
  "recall": 0.593423019431988,
  "f1": 0.5811273060994812
}