{
  "accuracy": 0.5829787234042553,
  "precision": 0.4403539613833449,
  "recall": 0.45358917513951535,
  "f1": 0.426428409613576
}