{
  "node_classification": {
    "accuracy": 0.9919028340080972,
    "precision": 0.9473684210526316,
    "recall": 0.9956521739130435,
    "f1": 0.970038816108685
  },
  "edge_classification": {
    "accuracy": 0.7338820301783264,
    "precision": 0.6368171733525214,
    "recall": 0.8597578772802653,
    "f1": 0.6637606609525241
  }
}