{
  "accuracy": 0.44715447154471544,
  "precision": 0.14905149051490515,
  "recall": 0.3333333333333333,
  "f1": 0.20599250936329586
}