{
  "node_classification": {
    "accuracy": 1.0,
    "precision": 1.0,
    "recall": 1.0,
    "f1": 1.0
  },
  "edge_classification": {
    "accuracy": 0.9835680751173709,
    "precision": 0.8575268817204301,
    "recall": 0.9180126922062405,
    "f1": 0.8831260102607351
  }
}