{
  "accuracy": 0.8233333333333334,
  "precision": 0.7389162561576355,
  "recall": 0.7389162561576355,
  "f1": 0.7389162561576355
}