{
  "accuracy": 0.825,
  "precision": 0.696,
  "recall": 0.8571428571428571,
  "f1": 0.7682119205298014
}