{
  "Support": {
    "precision": 0.949468085106383,
    "recall": 0.9596774193548387,
    "f1-score": 0.9545454545454546,
    "support": 372.0
  },
  "Attack": {
    "precision": 0.55,
    "recall": 1.0,
    "f1-score": 0.7096774193548387,
    "support": 22.0
  },
  "No Relation": {
    "precision": 1.0,
    "recall": 0.9543568464730291,
    "f1-score": 0.9766454352441614,
    "support": 482.0
  },
  "accuracy": 0.9577625570776256,
  "macro avg": {
    "precision": 0.8331560283687943,
    "recall": 0.9713447552759559,
    "f1-score": 0.8802894363814849,
    "support": 876.0
  },
  "weighted avg": {
    "precision": 0.9672398717575053,
    "recall": 0.9577625570776256,
    "f1-score": 0.960555835735618,
    "support": 876.0
  }
}