{
  "accuracy": 0.9715025906735751,
  "precision": 0.8685113685113685,
  "recall": 0.9761904761904763,
  "f1": 0.9069553747424894
}