{
  "accuracy": 0.9854881266490765,
  "precision": 0.9252598445746835,
  "recall": 0.9362478343371009,
  "f1": 0.9306290891977625
}