{
  "accuracy": 0.9433962264150944,
  "precision": 0.6140350877192983,
  "recall": 0.6438356164383562,
  "f1": 0.6262749071259709
}