{
  "accuracy": 0.7953795379537953,
  "precision": 0.5385538258450117,
  "recall": 0.5708607091767625,
  "f1": 0.5325594350843911
}