{
  "accuracy": 0.9362186788154897,
  "precision": 0.599671743697479,
  "recall": 0.6454169828821992,
  "f1": 0.6204099520915545
}