{
  "node_classification": {
    "accuracy": 1.0,
    "precision": 1.0,
    "recall": 1.0,
    "f1": 1.0
  },
  "edge_classification": {
    "accuracy": 0.9893162393162394,
    "precision": 0.8888888888888888,
    "recall": 0.9918300653594772,
    "f1": 0.9291976840363937
  }
}