{
  "accuracy": 0.6787878787878788,
  "precision": 0.5368217054263565,
  "recall": 0.4498824221046443,
  "f1": 0.4706638616175783
}