{
  "node_classification": {
    "accuracy": 0.9661971830985916,
    "precision": 0.7947719060523939,
    "recall": 0.9543160459450052,
    "f1": 0.8546273546273546
  },
  "edge_classification": {
    "accuracy": 0.7811004784688995,
    "precision": 0.6987379732600275,
    "recall": 0.8728221512247072,
    "f1": 0.727911232672893
  }
}