{
  "accuracy": 0.9370629370629371,
  "precision": 0.9122220502502193,
  "recall": 0.9572043010752688,
  "f1": 0.9324720869322315
}