{
  "accuracy": 0.8283333333333334,
  "precision": 0.7450980392156863,
  "recall": 0.7487684729064039,
  "f1": 0.7469287469287469
}