{
  "Premise": {
    "precision": 0.9928825622775801,
    "recall": 0.9755244755244755,
    "f1-score": 0.9841269841269841,
    "support": 286.0
  },
  "Conclusion": {
    "precision": 0.6666666666666666,
    "recall": 0.875,
    "f1-score": 0.7567567567567568,
    "support": 16.0
  },
  "accuracy": 0.9701986754966887,
  "macro avg": {
    "precision": 0.8297746144721234,
    "recall": 0.9252622377622377,
    "f1-score": 0.8704418704418704,
    "support": 302.0
  },
  "weighted avg": {
    "precision": 0.9755996009207105,
    "recall": 0.9701986754966887,
    "f1-score": 0.9720808793656477,
    "support": 302.0
  }
}