{
  "accuracy": 0.8374760994263862,
  "precision": 0.8147453970695032,
  "recall": 0.9040141826009878,
  "f1": 0.8378696353997165
}