{
  "accuracy": 0.9786324786324786,
  "precision": 0.6510903426791277,
  "recall": 0.6666666666666666,
  "f1": 0.6586921850079744
}