{"accuracy": 0.9661921708185054, "precision": 0.975517890772128, "recall": 0.9885496183206107, "f1": 0.9819905213270143}