{
  "node_classification": {
    "accuracy": 0.838479809976247,
    "precision": 0.5909956759433873,
    "recall": 0.5523255813953488,
    "f1": 0.5559078337871757
  },
  "edge_classification": {
    "accuracy": 0.8619854721549637,
    "precision": 0.8222222222222223,
    "recall": 0.936026936026936,
    "f1": 0.860914545830747
  }
}