{
  "accuracy": 0.6040268456375839,
  "precision": 0.20134228187919465,
  "recall": 0.3333333333333333,
  "f1": 0.2510460251046025
}