{
  "accuracy": 0.9923809523809524,
  "precision": 0.9239178937974118,
  "recall": 0.9223416965352449,
  "f1": 0.9231170747787062
}