{
  "accuracy": 0.9136690647482014,
  "precision": 0.7387273493468184,
  "recall": 0.9509964157706093,
  "f1": 0.803075116409269
}