{
  "accuracy": 0.6936170212765957,
  "precision": 0.4918989422527158,
  "recall": 0.5050426454059865,
  "f1": 0.4886565951230053
}