{
  "node_classification": {
    "accuracy": 0.9345794392523364,
    "precision": 0.72,
    "recall": 0.9655172413793103,
    "f1": 0.7876984126984128
  },
  "edge_classification": {
    "accuracy": 0.7030812324929971,
    "precision": 0.6039186507936508,
    "recall": 0.8586666666666667,
    "f1": 0.6216095688904545
  }
}