{
  "accuracy": 0.8629032258064516,
  "precision": 0.7698412698412698,
  "recall": 0.8964036500268384,
  "f1": 0.7938808373590982
}