{
  "accuracy": 0.7668393782383419,
  "precision": 0.6032900504054349,
  "recall": 0.5867838402084978,
  "f1": 0.5826675365605707
}