{
  "accuracy": 0.8352745424292846,
  "precision": 0.7470449172576832,
  "recall": 0.7764127764127764,
  "f1": 0.7614457831325301
}