{
  "node_classification": {
    "accuracy": 0.7523364485981309,
    "precision": 0.5859375,
    "recall": 0.8694581280788177,
    "f1": 0.5715958451369216
  },
  "edge_classification": {
    "accuracy": 0.7044817927170869,
    "precision": 0.6043764764391396,
    "recall": 0.8593333333333333,
    "f1": 0.6225385373674347
  }
}