{
  "accuracy": 0.8376068376068376,
  "precision": 0.5616080156402737,
  "recall": 0.5752277288868304,
  "f1": 0.5642744234096312
}