{
  "node_classification": {
    "accuracy": 0.9212410501193318,
    "precision": 0.8376074531239123,
    "recall": 0.8858851674641149,
    "f1": 0.8575646627305846
  },
  "edge_classification": {
    "accuracy": 0.8561946902654868,
    "precision": 0.797271693823418,
    "recall": 0.9265578865578865,
    "f1": 0.8398626938873682
  }
}