{
  "accuracy": 0.7691387559808612,
  "precision": 0.6939701427659372,
  "recall": 0.8661554845580405,
  "f1": 0.7196489463538152
}