{
  "accuracy": 0.804945054945055,
  "precision": 0.6446989340247767,
  "recall": 0.9045119047619048,
  "f1": 0.6918031328785378
}