{
  "accuracy": 0.7964376590330788,
  "precision": 0.6955537627179419,
  "recall": 0.8893580246913579,
  "f1": 0.7352913786232825
}