{
  "accuracy": 0.8950617283950617,
  "precision": 0.5873387872157019,
  "recall": 0.6228571428571429,
  "f1": 0.5983538365840086
}