{
  "accuracy": 0.8870765370138017,
  "precision": 0.8067319599234493,
  "recall": 0.9330746268656717,
  "f1": 0.8519382528158804
}