{
  "accuracy": 0.9342857142857143,
  "precision": 0.7955555555555556,
  "recall": 0.9606165660180421,
  "f1": 0.8319219688505975
}