{
  "accuracy": 0.9683544303797469,
  "precision": 0.9412575366063738,
  "recall": 0.8748403575989783,
  "f1": 0.9022414989880744
}