{
  "accuracy": 0.31043956043956045,
  "precision": 0.4503220611916264,
  "recall": 0.4165119047619048,
  "f1": 0.1819777055163736
}