{
  "accuracy": 0.7106382978723405,
  "precision": 0.23687943262411348,
  "recall": 0.3333333333333333,
  "f1": 0.2769485903814262
}