{
  "node_classification": {
    "accuracy": 0.9113636363636364,
    "precision": 0.6237623762376238,
    "recall": 0.5988372093023256,
    "f1": 0.6059827742675639
  },
  "edge_classification": {
    "accuracy": 0.8449781659388647,
    "precision": 0.8651885830784914,
    "recall": 0.8939224459358687,
    "f1": 0.8641099960522761
  }
}