{
  "node_classification": {
    "accuracy": 0.990909090909091,
    "precision": 0.6590909090909091,
    "recall": 0.6666666666666666,
    "f1": 0.6628352490421455
  },
  "edge_classification": {
    "accuracy": 0.8602620087336245,
    "precision": 0.8534973798131693,
    "recall": 0.9272779490900297,
    "f1": 0.8761358201817312
  }
}