{
  "Support": {
    "precision": 1.0,
    "recall": 0.9822485207100592,
    "f1-score": 0.991044776119403,
    "support": 169.0
  },
  "Attack": {
    "precision": 0.75,
    "recall": 1.0,
    "f1-score": 0.8571428571428571,
    "support": 9.0
  },
  "No Relation": {
    "precision": 1.0,
    "recall": 1.0,
    "f1-score": 1.0,
    "support": 214.0
  },
  "accuracy": 0.9923469387755102,
  "macro avg": {
    "precision": 0.9166666666666666,
    "recall": 0.9940828402366865,
    "f1-score": 0.9493958777540867,
    "support": 392.0
  },
  "weighted avg": {
    "precision": 0.9942602040816326,
    "recall": 0.9923469387755102,
    "f1-score": 0.9928593185675123,
    "support": 392.0
  }
}