{
  "node_classification": {
    "accuracy": 0.9304635761589404,
    "precision": 0.7162162162162162,
    "recall": 0.9632867132867133,
    "f1": 0.7828305311098175
  },
  "edge_classification": {
    "accuracy": 0.7490589711417817,
    "precision": 0.6810789451484912,
    "recall": 0.8375090066906844,
    "f1": 0.7045371274601352
  }
}