{
  "accuracy": 0.7726618705035971,
  "precision": 0.6241917299388563,
  "recall": 0.8856630824372761,
  "f1": 0.6689415816561982
}