{
  "accuracy": 0.805,
  "precision": 0.6706349206349206,
  "recall": 0.8325123152709359,
  "f1": 0.7428571428571429
}