{
  "accuracy": 0.8419301164725458,
  "precision": 0.7727272727272727,
  "recall": 0.7536945812807881,
  "f1": 0.7630922693266833
}