{
  "node_classification": {
    "accuracy": 1.0,
    "precision": 1.0,
    "recall": 1.0,
    "f1": 1.0
  },
  "edge_classification": {
    "accuracy": 0.9709762532981531,
    "precision": 0.8396477812536206,
    "recall": 0.9675818826829469,
    "f1": 0.8824206317145983
  }
}