{
  "accuracy": 0.9906103286384976,
  "precision": 0.9230646955968845,
  "recall": 0.9223416965352449,
  "f1": 0.9226873425149287
}