{
  "node_classification": {
    "accuracy": 0.8551068883610451,
    "precision": 0.7523032164215291,
    "recall": 0.8187230835486649,
    "f1": 0.7711812893857273
  },
  "edge_classification": {
    "accuracy": 0.8619854721549637,
    "precision": 0.7791084497671323,
    "recall": 0.936026936026936,
    "f1": 0.832240710705299
  }
}