{
  "accuracy": 0.8951048951048951,
  "precision": 0.8877292164963397,
  "recall": 0.9314695340501792,
  "f1": 0.9035055122011645
}