{
  "accuracy": 0.5564516129032258,
  "precision": 0.1854838709677419,
  "recall": 0.3333333333333333,
  "f1": 0.23834196891191708
}