{
  "accuracy": 0.912751677852349,
  "precision": 0.85727969348659,
  "recall": 0.9406084656084656,
  "f1": 0.8928111238548349
}