{
  "conv2_post_dropout": {
    "raw": {
      "mean": 0.6157227158546448,
      "std": 0.8622776865959167,
      "min": 0.0,
      "max": 4.16165828704834,
      "shape": [
        56,
        64
      ]
    },
    "processed": {
      "mean": 0.9721514582633972,
      "std": 1.6516826152801514,
      "min": 0.0,
      "max": 11.145522117614746,
      "shape": [
        56,
        64
      ]
    },
    "normalized_l2_distance": 1.8366578817367554,
    "cosine_similarity": 0.25121691823005676
  },
  "conv3_with_skip": {
    "raw": {
      "mean": 0.38991934061050415,
      "std": 1.9609477519989014,
      "min": -5.1403961181640625,
      "max": 7.588940143585205,
      "shape": [
        56,
        64
      ]
    },
    "processed": {
      "mean": 0.748818576335907,
      "std": 3.894435405731201,
      "min": -8.91734790802002,
      "max": 15.877742767333984,
      "shape": [
        56,
        64
      ]
    },
    "normalized_l2_distance": 2.182403326034546,
    "cosine_similarity": 0.04671158269047737
  },
  "conv1_pre_relu": {
    "raw": {
      "mean": 0.009807484224438667,
      "std": 1.0695233345031738,
      "min": -1.6546926498413086,
      "max": 3.793842077255249,
      "shape": [
        56,
        64
      ]
    },
    "processed": {
      "mean": -1.0724513530731201,
      "std": 3.065202236175537,
      "min": -6.833563327789307,
      "max": 11.105596542358398,
      "shape": [
        56,
        64
      ]
    },
    "normalized_l2_distance": 3.076545476913452,
    "cosine_similarity": 0.126840740442276
  },
  "conv2_pre_relu": {
    "raw": {
      "mean": 0.2012343853712082,
      "std": 1.3006645441055298,
      "min": -3.5772361755371094,
      "max": 4.16165828704834,
      "shape": [
        56,
        64
      ]
    },
    "processed": {
      "mean": -0.5717388987541199,
      "std": 3.1939034461975098,
      "min": -11.613757133483887,
      "max": 11.145522117614746,
      "shape": [
        56,
        64
      ]
    },
    "normalized_l2_distance": 2.7107131481170654,
    "cosine_similarity": -0.05274704471230507
  },
  "conv1_post_dropout": {
    "raw": {
      "mean": 0.44011327624320984,
      "std": 0.7548681497573853,
      "min": 0.0,
      "max": 3.793842077255249,
      "shape": [
        56,
        64
      ]
    },
    "processed": {
      "mean": 0.8622075319290161,
      "std": 1.8472551107406616,
      "min": 0.0,
      "max": 11.105596542358398,
      "shape": [
        56,
        64
      ]
    },
    "normalized_l2_distance": 2.2754197120666504,
    "cosine_similarity": 0.27333125472068787
  },
  "input": {
    "raw": {
      "mean": 0.0012789738830178976,
      "std": 0.26196759939193726,
      "min": -1.7572588920593262,
      "max": 3.7103466987609863,
      "shape": [
        56,
        770
      ]
    },
    "processed": {
      "mean": 0.04951881989836693,
      "std": 0.8162779808044434,
      "min": -4.103799819946289,
      "max": 17.744049072265625,
      "shape": [
        56,
        770
      ]
    },
    "normalized_l2_distance": 2.9975204467773438,
    "cosine_similarity": 0.28208595514297485
  },
  "conv1_post_relu": {
    "raw": {
      "mean": 0.44011327624320984,
      "std": 0.7548681497573853,
      "min": 0.0,
      "max": 3.793842077255249,
      "shape": [
        56,
        64
      ]
    },
    "processed": {
      "mean": 0.8622075319290161,
      "std": 1.8472551107406616,
      "min": 0.0,
      "max": 11.105596542358398,
      "shape": [
        56,
        64
      ]
    },
    "normalized_l2_distance": 2.2754197120666504,
    "cosine_similarity": 0.27333125472068787
  },
  "output": {
    "raw": {
      "mean": -0.033709459006786346,
      "std": 0.9102523326873779,
      "min": -1.9335923194885254,
      "max": 1.3853893280029297,
      "shape": [
        108,
        3
      ]
    },
    "processed": {
      "mean": 0.07414283603429794,
      "std": 0.9291802644729614,
      "min": -1.3519850969314575,
      "max": 1.96247136592865,
      "shape": [
        130,
        3
      ]
    }
  },
  "edge_features": {
    "raw": {
      "mean": 0.32145950198173523,
      "std": 1.9984525442123413,
      "min": -5.1403961181640625,
      "max": 7.588940143585205,
      "shape": [
        108,
        128
      ]
    },
    "processed": {
      "mean": 0.504347562789917,
      "std": 3.924830913543701,
      "min": -8.91734790802002,
      "max": 15.877742767333984,
      "shape": [
        130,
        128
      ]
    }
  },
  "conv2_post_relu": {
    "raw": {
      "mean": 0.6157227158546448,
      "std": 0.8622776865959167,
      "min": 0.0,
      "max": 4.16165828704834,
      "shape": [
        56,
        64
      ]
    },
    "processed": {
      "mean": 0.9721514582633972,
      "std": 1.6516826152801514,
      "min": 0.0,
      "max": 11.145522117614746,
      "shape": [
        56,
        64
      ]
    },
    "normalized_l2_distance": 1.8366578817367554,
    "cosine_similarity": 0.25121691823005676
  }
}