{
  "accuracy": 0.8236272878535774,
  "precision": 0.7425742574257426,
  "recall": 0.7352941176470589,
  "f1": 0.7389162561576355
}