{
  "accuracy": 0.869281045751634,
  "precision": 0.7991716933298365,
  "recall": 0.8951223313074644,
  "f1": 0.828931405338055
}