{
  "accuracy": 0.8745874587458746,
  "precision": 0.8276388485024717,
  "recall": 0.8340458673029761,
  "f1": 0.8304526521886637
}