{
  "accuracy": 0.8419301164725458,
  "precision": 0.7582938388625592,
  "recall": 0.7843137254901961,
  "f1": 0.7710843373493976
}