{
  "accuracy": 0.9236641221374046,
  "precision": 0.6190476190476191,
  "recall": 0.6265060240963854,
  "f1": 0.6196581196581197
}