{
  "accuracy": 0.9005602240896359,
  "precision": 0.5808823529411765,
  "recall": 0.6273333333333334,
  "f1": 0.5965404729983215
}