{
  "accuracy": 0.973186119873817,
  "precision": 0.6470994869110299,
  "recall": 0.6654275092936803,
  "f1": 0.6560524499654935
}