{
  "node_classification": {
    "accuracy": 1.0,
    "precision": 1.0,
    "recall": 1.0,
    "f1": 1.0
  },
  "edge_classification": {
    "accuracy": 0.876750700280112,
    "precision": 0.7411347517730497,
    "recall": 0.9413333333333332,
    "f1": 0.8032272038119991
  }
}