{
  "accuracy": 0.9842105263157894,
  "precision": 0.9273492946962335,
  "recall": 0.9645818526415542,
  "f1": 0.9439378402659712
}