{
  "node_classification": {
    "accuracy": 1.0,
    "precision": 1.0,
    "recall": 1.0,
    "f1": 1.0
  },
  "edge_classification": {
    "accuracy": 0.9685714285714285,
    "precision": 0.8562968334541939,
    "recall": 0.96864628242801,
    "f1": 0.8954867105739924
  }
}