{
  "accuracy": 0.9515151515151515,
  "precision": 0.9550561797752809,
  "recall": 0.9523809523809523,
  "f1": 0.9514705882352941
}