{
  "accuracy": 0.9466403162055336,
  "precision": 0.6311673153778417,
  "recall": 0.6322875816993464,
  "f1": 0.6316967955593483
}