{
  "accuracy": 0.38516746411483255,
  "precision": 0.3038617156264215,
  "recall": 0.3393333333333333,
  "f1": 0.1959399270503699
}