{"accuracy": 0.9395017793594306, "precision": 0.9979674796747967, "recall": 0.9370229007633588, "f1": 0.9665354330708661}