{
  "accuracy": 0.8668280871670703,
  "precision": 0.7805887996768166,
  "recall": 0.9345638928972262,
  "f1": 0.8348572238075
}