{
  "accuracy": 0.7633053221288515,
  "precision": 0.6336427411696229,
  "recall": 0.8863660130718954,
  "f1": 0.6724711108857452
}