{
  "accuracy": 0.9230769230769231,
  "precision": 0.9055555555555556,
  "recall": 0.9425675675675675,
  "f1": 0.9173868109154077
}