{
  "accuracy": 0.9454545454545454,
  "precision": 0.95,
  "recall": 0.9464285714285714,
  "f1": 0.945382323733863
}