{
  "accuracy": 0.8923444976076556,
  "precision": 0.784974769229024,
  "recall": 0.9340255591054314,
  "f1": 0.8336997499190533
}