{
  "accuracy": 0.9148351648351648,
  "precision": 0.712795828319294,
  "recall": 0.9578452380952381,
  "f1": 0.7750856115245547
}