{
  "accuracy": 0.9954954954954955,
  "precision": 0.9725374807342021,
  "recall": 0.9725374807342021,
  "f1": 0.9725374807342021
}