{"accuracy": 0.891459074733096, "precision": 0.9915074309978769, "recall": 0.8912213740458015, "f1": 0.9386934673366835}