{"accuracy": 0.9644128113879004, "precision": 0.9902723735408561, "recall": 0.9713740458015268, "f1": 0.9807321772639692}