{
  "node_classification": {
    "accuracy": 0.9967213114754099,
    "precision": 0.9982578397212544,
    "recall": 0.9736842105263157,
    "f1": 0.9856138861374464
  },
  "edge_classification": {
    "accuracy": 0.9905362776025236,
    "precision": 0.9090909090909092,
    "recall": 0.9934171983681468,
    "f1": 0.9440604132532635
  }
}