{
  "accuracy": 0.974934036939314,
  "precision": 0.8530787946846341,
  "recall": 0.9708076891345598,
  "f1": 0.8949700243072257
}