{
  "accuracy": 0.4461722488038278,
  "precision": 0.4958201143968692,
  "recall": 0.566043154141779,
  "f1": 0.38275412848391405
}