{
  "node_classification": {
    "accuracy": 0.9952830188679245,
    "precision": 0.9583333333333333,
    "recall": 0.9975124378109452,
    "f1": 0.9770139867722
  },
  "edge_classification": {
    "accuracy": 0.9493670886075949,
    "precision": 0.9642095794363733,
    "recall": 0.8349392882331638,
    "f1": 0.8809751032052247
  }
}