{
  "accuracy": 0.9122302158273381,
  "precision": 0.737570799244808,
  "recall": 0.9503297491039427,
  "f1": 0.8020064210245513
}