{
  "accuracy": 0.7889182058047494,
  "precision": 0.603042393106338,
  "recall": 0.5633226081456425,
  "f1": 0.5764468146213559
}