{
  "accuracy": 0.90311004784689,
  "precision": 0.8365448682071374,
  "recall": 0.9440085197018103,
  "f1": 0.8764502998607044
}