{
  "accuracy": 0.9903100775193798,
  "precision": 0.659943037330892,
  "recall": 0.6651785714285715,
  "f1": 0.6625503011662182
}