{
  "accuracy": 0.9401373895976447,
  "precision": 0.77223417608033,
  "recall": 0.9545240559567602,
  "f1": 0.808470756439395
}