{
  "accuracy": 0.7297668038408779,
  "precision": 0.6350564468211527,
  "recall": 0.8577578772802653,
  "f1": 0.6609016259533734
}