{
  "accuracy": 0.8738738738738738,
  "precision": 0.8294886785542688,
  "recall": 0.9147727272727272,
  "f1": 0.8590429464805172
}