{
  "accuracy": 0.9395604395604396,
  "precision": 0.7327095677499433,
  "recall": 0.9657380952380952,
  "f1": 0.7924361578314105
}