{
  "accuracy": 0.4539877300613497,
  "precision": 0.48125,
  "recall": 0.34438305709023936,
  "f1": 0.2262965792377557
}