{
  "accuracy": 0.6886792452830188,
  "precision": 0.22955974842767293,
  "recall": 0.3333333333333333,
  "f1": 0.2718808193668529
}