{
  "accuracy": 0.98,
  "precision": 0.9045359339476987,
  "recall": 0.9329236261612727,
  "f1": 0.9176317913149687
}