{
  "accuracy": 0.945054945054945,
  "precision": 0.6161616161616162,
  "recall": 0.6426666666666666,
  "f1": 0.626896129514999
}