{
  "accuracy": 0.8493150684931506,
  "precision": 0.7745636755766684,
  "recall": 0.9160997732426304,
  "f1": 0.822912761406929
}