{
  "accuracy": 0.9684542586750788,
  "precision": 0.7443901149729087,
  "recall": 0.7023186267721903,
  "f1": 0.7126814266156775
}