{
  "node_classification": {
    "accuracy": 1.0,
    "precision": 1.0,
    "recall": 1.0,
    "f1": 1.0
  },
  "edge_classification": {
    "accuracy": 0.8739495798319328,
    "precision": 0.7312113042485265,
    "recall": 0.9361307189542484,
    "f1": 0.7938130025054427
  }
}