{
  "accuracy": 0.8435940099833611,
  "precision": 0.7607655502392344,
  "recall": 0.7832512315270936,
  "f1": 0.7718446601941747
}