{
  "accuracy": 0.9323017408123792,
  "precision": 0.6625283446712018,
  "recall": 0.6235789473684211,
  "f1": 0.6421900161030596
}