{
  "accuracy": 0.7540777917189461,
  "precision": 0.6871529587394437,
  "recall": 0.8510032595642478,
  "f1": 0.7125184756763704
}