{
  "accuracy": 0.6424802110817942,
  "precision": 0.6838993462331621,
  "recall": 0.642096636691142,
  "f1": 0.4558281597808178
}