{
  "node_classification": {
    "accuracy": 0.9837209302325581,
    "precision": 0.6562899849859845,
    "recall": 0.6666666666666666,
    "f1": 0.6614341522049433
  },
  "edge_classification": {
    "accuracy": 0.899343544857768,
    "precision": 0.7858416093710211,
    "recall": 0.9466368381804623,
    "f1": 0.8410453455417484
  }
}