{
  "node_classification": {
    "accuracy": 0.9952830188679245,
    "precision": 0.9583333333333333,
    "recall": 0.9975124378109452,
    "f1": 0.9770139867722
  },
  "edge_classification": {
    "accuracy": 0.9620253164556962,
    "precision": 0.9754628315513925,
    "recall": 0.8668153485446332,
    "f1": 0.9098402572086783
  }
}