{"accuracy": 0.9626334519572953, "precision": 0.982725527831094, "recall": 0.9770992366412213, "f1": 0.9799043062200957}