{
  "accuracy": 0.9794952681388013,
  "precision": 0.8505747126436782,
  "recall": 0.9847430967572425,
  "f1": 0.8959517234697091
}