{
  "node_classification": {
    "accuracy": 0.8047016274864376,
    "precision": 0.6954937831630632,
    "recall": 0.8226600985221676,
    "f1": 0.6293886343998201
  },
  "edge_classification": {
    "accuracy": 0.8921438082556591,
    "precision": 0.918429003021148,
    "recall": 0.9460000000000001,
    "f1": 0.9241486387021739
  }
}