{
  "accuracy": 0.6088516746411483,
  "precision": 0.5878048780487805,
  "recall": 0.46399999999999997,
  "f1": 0.47635172731753067
}