{
  "node_classification": {
    "accuracy": 0.8403100775193798,
    "precision": 0.7660571505509983,
    "recall": 0.8730231649299948,
    "f1": 0.8052424560989276
  },
  "edge_classification": {
    "accuracy": 0.8971291866028708,
    "precision": 0.8051411952340745,
    "recall": 0.9386837060702876,
    "f1": 0.8513144494245504
  }
}