{
  "Premise": {
    "precision": 0.9955555555555555,
    "recall": 0.9739130434782609,
    "f1-score": 0.9846153846153847,
    "support": 230.0
  },
  "Conclusion": {
    "precision": 0.7272727272727273,
    "recall": 0.9411764705882353,
    "f1-score": 0.8205128205128205,
    "support": 17.0
  },
  "accuracy": 0.97165991902834,
  "macro avg": {
    "precision": 0.8614141414141414,
    "recall": 0.957544757033248,
    "f1-score": 0.9025641025641026,
    "support": 247.0
  },
  "weighted avg": {
    "precision": 0.9770907455117981,
    "recall": 0.97165991902834,
    "f1-score": 0.9733208761548844,
    "support": 247.0
  }
}