{
  "Premise": {
    "precision": 0.9955357142857143,
    "recall": 0.9695652173913043,
    "f1-score": 0.9823788546255506,
    "support": 230.0
  },
  "Conclusion": {
    "precision": 0.6956521739130435,
    "recall": 0.9411764705882353,
    "f1-score": 0.8,
    "support": 17.0
  },
  "accuracy": 0.9676113360323887,
  "macro avg": {
    "precision": 0.8455939440993789,
    "recall": 0.9553708439897698,
    "f1-score": 0.8911894273127754,
    "support": 247.0
  },
  "weighted avg": {
    "precision": 0.9748959564462997,
    "recall": 0.9676113360323887,
    "f1-score": 0.969826463821363,
    "support": 247.0
  }
}