{
  "accuracy": 0.9159248269040554,
  "precision": 0.5969465161439876,
  "recall": 0.6356012306911536,
  "f1": 0.6124562538355641
}