{
  "node_classification": {
    "accuracy": 0.9827956989247312,
    "precision": 0.6568627450980392,
    "recall": 0.6666666666666666,
    "f1": 0.6616915422885572
  },
  "edge_classification": {
    "accuracy": 0.8604206500956023,
    "precision": 0.8261648745519713,
    "recall": 0.917890760204297,
    "f1": 0.8535918552328182
  }
}