{
  "node_classification": {
    "accuracy": 0.9837962962962963,
    "precision": 0.9839080459770115,
    "recall": 0.7083333333333334,
    "f1": 0.7324957466300223
  },
  "edge_classification": {
    "accuracy": 0.9306930693069307,
    "precision": 0.8279867256637168,
    "recall": 0.9614695340501792,
    "f1": 0.8817076539040799
  }
}