{
  "accuracy": 0.27871148459383754,
  "precision": 0.09726295210166179,
  "recall": 0.32838283828382836,
  "f1": 0.15007541478129713
}