{
  "accuracy": 0.8679245283018868,
  "precision": 0.9323529411764705,
  "recall": 0.8600171232876712,
  "f1": 0.8807205452775073
}