{
  "node_classification": {
    "accuracy": 1.0,
    "precision": 1.0,
    "recall": 1.0,
    "f1": 1.0
  },
  "edge_classification": {
    "accuracy": 0.9792746113989638,
    "precision": 0.9029029029029029,
    "recall": 0.9826839826839827,
    "f1": 0.935080096554751
  }
}