{
  "accuracy": 0.8181818181818182,
  "precision": 0.8368838763575606,
  "recall": 0.8788530465949821,
  "f1": 0.8498286469300962
}