{
  "accuracy": 0.7717086834733894,
  "precision": 0.6369954807542465,
  "recall": 0.8903660130718954,
  "f1": 0.6780046224239907
}