{
  "accuracy": 0.619140625,
  "precision": 0.510289490783489,
  "recall": 0.48088110969605274,
  "f1": 0.45898857540981197
}