{
  "accuracy": 0.7741935483870968,
  "precision": 0.6309920476253943,
  "recall": 0.687734836285561,
  "f1": 0.6517260517260518
}