{
  "node_classification": {
    "accuracy": 0.9837962962962963,
    "precision": 0.9839080459770115,
    "recall": 0.7083333333333334,
    "f1": 0.7324957466300223
  },
  "edge_classification": {
    "accuracy": 0.9257425742574258,
    "precision": 0.8233695652173912,
    "recall": 0.9592473118279571,
    "f1": 0.8776930037837541
  }
}