{"accuracy": 0.9092526690391459, "precision": 0.9958071278825996, "recall": 0.9064885496183206, "f1": 0.949050949050949}