{
  "accuracy": 0.9847619047619047,
  "precision": 0.8431372549019608,
  "recall": 0.990355164548713,
  "f1": 0.8925759916585605
}