{
  "accuracy": 0.6568627450980392,
  "precision": 0.519942718057763,
  "recall": 0.5602112211221121,
  "f1": 0.48601419569265064
}