{
  "accuracy": 0.7081447963800905,
  "precision": 0.5043530113297555,
  "recall": 0.49131494508206836,
  "f1": 0.48639797380407196
}