{
  "Support": {
    "precision": 1.0,
    "recall": 0.9850746268656716,
    "f1-score": 0.9924812030075187,
    "support": 335.0
  },
  "Attack": {
    "precision": 0.7727272727272727,
    "recall": 0.8947368421052632,
    "f1-score": 0.8292682926829268,
    "support": 19.0
  },
  "No Relation": {
    "precision": 0.9953703703703703,
    "recall": 1.0,
    "f1-score": 0.9976798143851509,
    "support": 430.0
  },
  "accuracy": 0.9910714285714286,
  "macro avg": {
    "precision": 0.9226992143658811,
    "recall": 0.9599371563236448,
    "f1-score": 0.9398097700251989,
    "support": 784.0
  },
  "weighted avg": {
    "precision": 0.9919529048993334,
    "recall": 0.9910714285714286,
    "f1-score": 0.9913770672884046,
    "support": 784.0
  }
}