{
  "accuracy": 0.7703081232492998,
  "precision": 0.6364286158244764,
  "recall": 0.8896993464052287,
  "f1": 0.6770811886678659
}