{
  "accuracy": 0.9280359820089955,
  "precision": 0.8128865979381444,
  "recall": 0.9665021645021645,
  "f1": 0.8726237297898476
}