{
  "node_classification": {
    "accuracy": 0.8883720930232558,
    "precision": 0.6090311986863711,
    "recall": 0.590316573556797,
    "f1": 0.5930204798860359
  },
  "edge_classification": {
    "accuracy": 0.8227571115973742,
    "precision": 0.7308824031404676,
    "recall": 0.9054958985831468,
    "f1": 0.7791752367376031
  }
}