{
  "accuracy": 0.504524886877828,
  "precision": 0.16817496229260934,
  "recall": 0.3333333333333333,
  "f1": 0.22355889724310776
}