{
  "accuracy": 0.8791946308724832,
  "precision": 0.8328493999225707,
  "recall": 0.9220899470899471,
  "f1": 0.8698781838316721
}