{
  "accuracy": 0.5454545454545454,
  "precision": 0.5281426746943988,
  "recall": 0.47975891119351033,
  "f1": 0.3910892612861281
}