{
  "node_classification": {
    "accuracy": 1.0,
    "precision": 1.0,
    "recall": 1.0,
    "f1": 1.0
  },
  "edge_classification": {
    "accuracy": 0.9864864864864865,
    "precision": 0.8947368421052632,
    "recall": 0.9890710382513661,
    "f1": 0.9319444444444445
  }
}