{
  "accuracy": 0.6872586872586872,
  "precision": 0.5294054899729769,
  "recall": 0.5652470652470653,
  "f1": 0.5429561560489887
}