{
  "accuracy": 0.3371647509578544,
  "precision": 0.27863577863577865,
  "recall": 0.3315779748706578,
  "f1": 0.1711630383204287
}