{
  "node_classification": {
    "accuracy": 1.0,
    "precision": 1.0,
    "recall": 1.0,
    "f1": 1.0
  },
  "edge_classification": {
    "accuracy": 0.9019607843137255,
    "precision": 0.743478887447759,
    "recall": 0.9533333333333333,
    "f1": 0.8067633633731041
  }
}