{
  "accuracy": 0.8515625,
  "precision": 0.5827814569536424,
  "recall": 0.5916359163591637,
  "f1": 0.5764138264138264
}