{
  "accuracy": 0.483739837398374,
  "precision": 0.4184941520467836,
  "recall": 0.3965877259994907,
  "f1": 0.3948829130546754
}