{
  "node_classification": {
    "accuracy": 0.8942731277533039,
    "precision": 0.6126780626780627,
    "recall": 0.5883534136546185,
    "f1": 0.5944937474788221
  },
  "edge_classification": {
    "accuracy": 0.8868778280542986,
    "precision": 0.8724489795918368,
    "recall": 0.9155405405405406,
    "f1": 0.8807751235407091
  }
}