{
  "node_classification": {
    "accuracy": 0.9764150943396226,
    "precision": 0.84375,
    "recall": 0.9875621890547264,
    "f1": 0.9011101781882638
  },
  "edge_classification": {
    "accuracy": 0.9472573839662447,
    "precision": 0.8466264917877822,
    "recall": 0.8540630182421228,
    "f1": 0.848871482448506
  }
}