{
  "node_classification": {
    "accuracy": 0.8458574181117534,
    "precision": 0.8274117627726812,
    "recall": 0.90850789064723,
    "f1": 0.8550484618626212
  },
  "edge_classification": {
    "accuracy": 0.8991596638655462,
    "precision": 0.7414557414557414,
    "recall": 0.952,
    "f1": 0.8047180522870553
  }
}