{
  "node_classification": {
    "accuracy": 0.8850102669404517,
    "precision": 0.5983206809293766,
    "recall": 0.602921646746348,
    "f1": 0.5947002257905535
  },
  "edge_classification": {
    "accuracy": 0.8368121442125237,
    "precision": 0.8184313725490195,
    "recall": 0.8595844906019027,
    "f1": 0.824029500044477
  }
}