{
  "accuracy": 0.8215962441314554,
  "precision": 0.5634886182762533,
  "recall": 0.5685891169762137,
  "f1": 0.553613447905155
}