{
  "accuracy": 0.9179856115107914,
  "precision": 0.753163946962155,
  "recall": 0.916626045400239,
  "f1": 0.8100493616076371
}