{
  "accuracy": 0.8352745424292846,
  "precision": 0.7184873949579832,
  "recall": 0.8423645320197044,
  "f1": 0.7755102040816326
}