{
  "accuracy": 0.826797385620915,
  "precision": 0.7733739837398375,
  "recall": 0.9039114851176562,
  "f1": 0.8079783567686794
}