{
  "accuracy": 0.9111111111111111,
  "precision": 0.62906475161168,
  "recall": 0.6274856906827168,
  "f1": 0.6270722307796722
}