{"accuracy": 0.9199288256227758, "precision": 0.9958592132505176, "recall": 0.9179389312977099, "f1": 0.9553128103277061}