{
  "accuracy": 0.8595641646489104,
  "precision": 0.7777777777777777,
  "recall": 0.9349046015712682,
  "f1": 0.8305970149253731
}