{
  "node_classification": {
    "accuracy": 0.9835728952772074,
    "precision": 0.6563706563706564,
    "recall": 0.6666666666666666,
    "f1": 0.661437908496732
  },
  "edge_classification": {
    "accuracy": 0.8937381404174574,
    "precision": 0.8413279132791328,
    "recall": 0.9337927035946838,
    "f1": 0.8743994447055008
  }
}