{"accuracy": 0.797153024911032, "precision": 0.9975728155339806, "recall": 0.7843511450381679, "f1": 0.8782051282051282}