{
  "accuracy": 0.8842105263157894,
  "precision": 0.5813014350812759,
  "recall": 0.6199890090116378,
  "f1": 0.5991558024128677
}