{
  "accuracy": 0.5217391304347826,
  "precision": 0.43914205998604977,
  "recall": 0.4312121212121212,
  "f1": 0.36176520557254505
}