{
  "accuracy": 0.7661169415292354,
  "precision": 0.5772000298174517,
  "recall": 0.7841198801198801,
  "f1": 0.5977337679662075
}