{
  "accuracy": 0.7691154422788605,
  "precision": 0.6423468130785204,
  "recall": 0.8958354978354978,
  "f1": 0.6928191326836161
}