{
  "accuracy": 0.9859154929577465,
  "precision": 0.8666666666666667,
  "recall": 0.9902946515849741,
  "f1": 0.9117779903289228
}