{
  "accuracy": 0.9863713798977853,
  "precision": 0.873015873015873,
  "recall": 0.9854280510018215,
  "f1": 0.9141198378792857
}