{
  "accuracy": 0.9922279792746114,
  "precision": 0.9954954954954954,
  "recall": 0.9935064935064934,
  "f1": 0.9944537377792647
}