{
  "node_classification": {
    "accuracy": 1.0,
    "precision": 1.0,
    "recall": 1.0,
    "f1": 1.0
  },
  "edge_classification": {
    "accuracy": 0.9508771929824561,
    "precision": 0.8333333333333334,
    "recall": 0.9678635172135414,
    "f1": 0.8723917007645152
  }
}