{
  "Premise": {
    "precision": 0.9949748743718593,
    "recall": 1.0,
    "f1-score": 0.9974811083123426,
    "support": 198.0
  },
  "Conclusion": {
    "precision": 1.0,
    "recall": 0.9090909090909091,
    "f1-score": 0.9523809523809523,
    "support": 11.0
  },
  "accuracy": 0.9952153110047847,
  "macro avg": {
    "precision": 0.9974874371859297,
    "recall": 0.9545454545454546,
    "f1-score": 0.9749310303466474,
    "support": 209.0
  },
  "weighted avg": {
    "precision": 0.9952393546680771,
    "recall": 0.9952153110047847,
    "f1-score": 0.995107415894901,
    "support": 209.0
  }
}