{
  "accuracy": 0.9952681388012619,
  "precision": 0.9473684210526315,
  "recall": 0.9971346704871061,
  "f1": 0.969989722507708
}