{
  "node_classification": {
    "accuracy": 0.9136363636363637,
    "precision": 0.6247240618101545,
    "recall": 0.6007751937984497,
    "f1": 0.6077282571526273
  },
  "edge_classification": {
    "accuracy": 0.8427947598253275,
    "precision": 0.8439486041192145,
    "recall": 0.917195719209142,
    "f1": 0.8642532596301787
  }
}