{
  "accuracy": 0.9585492227979274,
  "precision": 0.6352941176470588,
  "recall": 0.6621004566210046,
  "f1": 0.6479069107421598
}