{
  "accuracy": 0.8386023294509152,
  "precision": 0.7442922374429224,
  "recall": 0.7990196078431373,
  "f1": 0.7706855791962175
}