{
  "accuracy": 0.8374760994263862,
  "precision": 0.8157693776250478,
  "recall": 0.9044679414123507,
  "f1": 0.8378711267342184
}