{
  "node_classification": {
    "accuracy": 0.7083333333333334,
    "precision": 0.6052534107043644,
    "recall": 0.8202479338842976,
    "f1": 0.5823385588954408
  },
  "edge_classification": {
    "accuracy": 0.8063186813186813,
    "precision": 0.6532459425717853,
    "recall": 0.9051785714285714,
    "f1": 0.702058273188987
  }
}