{
  "accuracy": 0.826955074875208,
  "precision": 0.7142857142857143,
  "recall": 0.812807881773399,
  "f1": 0.7603686635944701
}