{
  "accuracy": 0.7661169415292354,
  "precision": 0.6411170528817588,
  "recall": 0.8945021645021645,
  "f1": 0.690843453211618
}