{
  "node_classification": {
    "accuracy": 1.0,
    "precision": 1.0,
    "recall": 1.0,
    "f1": 1.0
  },
  "edge_classification": {
    "accuracy": 0.9828571428571429,
    "precision": 0.9159078469423297,
    "recall": 0.9465861734755525,
    "f1": 0.9301166022416946
  }
}