{
  "accuracy": 0.6585956416464891,
  "precision": 0.34252873563218394,
  "recall": 0.6341189674523008,
  "f1": 0.33412128051315554
}