{
  "accuracy": 0.46332046332046334,
  "precision": 0.4090643274853801,
  "recall": 0.410012285012285,
  "f1": 0.3133778181552374
}