{
  "node_classification": {
    "accuracy": 0.9737470167064439,
    "precision": 0.6474694589877835,
    "recall": 0.6666666666666666,
    "f1": 0.6567834681042228
  },
  "edge_classification": {
    "accuracy": 0.9004424778761062,
    "precision": 0.8227546588202325,
    "recall": 0.9487801087801088,
    "f1": 0.8700702572353718
  }
}