{
  "node_classification": {
    "accuracy": 0.9786223277909739,
    "precision": 0.6500920810313076,
    "recall": 0.6666666666666666,
    "f1": 0.6581680830972615
  },
  "edge_classification": {
    "accuracy": 0.9588377723970944,
    "precision": 0.8495188101487314,
    "recall": 0.9809203142536477,
    "f1": 0.9025919184740966
  }
}