{
  "accuracy": 0.7647058823529411,
  "precision": 0.648339419231438,
  "recall": 0.888,
  "f1": 0.6894974133346228
}