{
  "node_classification": {
    "accuracy": 0.9819639278557114,
    "precision": 0.6557971014492754,
    "recall": 0.6666666666666666,
    "f1": 0.6611418047882136
  },
  "edge_classification": {
    "accuracy": 0.8236363636363636,
    "precision": 0.7794381838967827,
    "recall": 0.888292204747901,
    "f1": 0.8047545238666277
  }
}