{"accuracy": 0.8362989323843416, "precision": 0.9931506849315068, "recall": 0.8301526717557252, "f1": 0.9043659043659044}