{
  "accuracy": 0.8642533936651584,
  "precision": 0.7940733472850082,
  "recall": 0.9082139341572787,
  "f1": 0.8316920262862588
}