{
  "accuracy": 0.8515981735159818,
  "precision": 0.813415983838207,
  "recall": 0.8363567649281934,
  "f1": 0.8242059117606501
}