{
  "accuracy": 0.8469217970049917,
  "precision": 0.7587006960556845,
  "recall": 0.8034398034398035,
  "f1": 0.7804295942720764
}