{
  "node_classification": {
    "accuracy": 1.0,
    "precision": 1.0,
    "recall": 1.0,
    "f1": 1.0
  },
  "edge_classification": {
    "accuracy": 0.9136690647482014,
    "precision": 0.7387273493468184,
    "recall": 0.9509964157706093,
    "f1": 0.803075116409269
  }
}