{
  "accuracy": 0.8190184049079755,
  "precision": 0.7711892797319932,
  "recall": 0.8913443830570902,
  "f1": 0.796041700944288
}