{
  "accuracy": 0.8243130724396336,
  "precision": 0.7197309417040358,
  "recall": 0.7886977886977887,
  "f1": 0.7526377491207503
}