{
  "accuracy": 0.8833124215809285,
  "precision": 0.7993520768251764,
  "recall": 0.9105736833076,
  "f1": 0.8391940370689174
}