{
  "node_classification": {
    "accuracy": 0.9835728952772074,
    "precision": 0.6561671349423964,
    "recall": 0.6666666666666666,
    "f1": 0.6613531201322941
  },
  "edge_classification": {
    "accuracy": 0.8368121442125237,
    "precision": 0.8110809996988859,
    "recall": 0.9000089198109,
    "f1": 0.8342766343825666
  }
}