{
  "accuracy": 0.9118773946360154,
  "precision": 0.8743235930735932,
  "recall": 0.9409645232815964,
  "f1": 0.9037507975571962
}