{
  "accuracy": 0.8737623762376238,
  "precision": 0.7830882352941176,
  "recall": 0.9359139784946237,
  "f1": 0.8379614979830156
}