{
  "accuracy": 0.7004950495049505,
  "precision": 0.3611111111111111,
  "recall": 0.6355555555555555,
  "f1": 0.3682983682983683
}