{
  "accuracy": 0.7515683814303639,
  "precision": 0.6890308009812701,
  "recall": 0.8502470406587751,
  "f1": 0.7127781026148893
}