{
  "Support": {
    "precision": 1.0,
    "recall": 1.0,
    "f1-score": 1.0,
    "support": 99.0
  },
  "Attack": {
    "precision": 1.0,
    "recall": 0.5,
    "f1-score": 0.6666666666666666,
    "support": 4.0
  },
  "No Relation": {
    "precision": 0.9834710743801653,
    "recall": 1.0,
    "f1-score": 0.9916666666666667,
    "support": 119.0
  },
  "accuracy": 0.990990990990991,
  "macro avg": {
    "precision": 0.9944903581267218,
    "recall": 0.8333333333333334,
    "f1-score": 0.8861111111111111,
    "support": 222.0
  },
  "weighted avg": {
    "precision": 0.9911399002308093,
    "recall": 0.990990990990991,
    "f1-score": 0.9895270270270271,
    "support": 222.0
  }
}