{
  "accuracy": 0.8841698841698842,
  "precision": 0.5706787818438305,
  "recall": 0.6268939393939394,
  "f1": 0.5899643772831439
}