{
  "accuracy": 0.8435940099833611,
  "precision": 0.7835051546391752,
  "recall": 0.7450980392156863,
  "f1": 0.7638190954773869
}