{
  "node_classification": {
    "accuracy": 0.9967213114754099,
    "precision": 0.9982578397212544,
    "recall": 0.9736842105263157,
    "f1": 0.9856138861374464
  },
  "edge_classification": {
    "accuracy": 0.9652996845425867,
    "precision": 0.9536225802842117,
    "recall": 0.9389470890453517,
    "f1": 0.9453706889601268
  }
}