{
  "accuracy": 0.4884488448844885,
  "precision": 0.44129305265413254,
  "recall": 0.40065950818585533,
  "f1": 0.3167946515188705
}