{
  "node_classification": {
    "accuracy": 0.9954545454545455,
    "precision": 0.9961685823754789,
    "recall": 0.8333333333333334,
    "f1": 0.8869621066152859
  },
  "edge_classification": {
    "accuracy": 0.925764192139738,
    "precision": 0.8927906358073955,
    "recall": 0.9608349960698953,
    "f1": 0.9211816423510005
  }
}