{
  "accuracy": 0.6877828054298643,
  "precision": 0.4610177404295051,
  "recall": 0.47449050275256116,
  "f1": 0.4660016247182735
}