{
  "accuracy": 0.44680851063829785,
  "precision": 0.34093173891380174,
  "recall": 0.33552480697194403,
  "f1": 0.23398213944182078
}