{
  "node_classification": {
    "accuracy": 0.9966887417218543,
    "precision": 0.9705882352941176,
    "recall": 0.9982517482517482,
    "f1": 0.9839728281059279
  },
  "edge_classification": {
    "accuracy": 0.99,
    "precision": 0.980808171478082,
    "recall": 0.9297670556356802,
    "f1": 0.9526773709833726
  }
}