{
  "accuracy": 0.998062015503876,
  "precision": 0.9988465974625145,
  "recall": 0.9166666666666666,
  "f1": 0.9518032516299414
}