{
  "accuracy": 0.754950495049505,
  "precision": 0.5504242004242005,
  "recall": 0.6505474095796676,
  "f1": 0.5720927765045413
}