{
  "accuracy": 0.6758241758241759,
  "precision": 0.48860356023850154,
  "recall": 0.6395476190476191,
  "f1": 0.490860677940248
}