{
  "accuracy": 0.7161716171617162,
  "precision": 0.4716312056737588,
  "recall": 0.49481341552329816,
  "f1": 0.47757296466973886
}