{
  "accuracy": 0.919831223628692,
  "precision": 0.6221264367816092,
  "recall": 0.6334610472541508,
  "f1": 0.6253290372246642
}