{"accuracy": 0.7453051643192489, "precision": 0.43207317106586324, "recall": 0.5035803408607901, "f1": 0.4555677331708474}