{"accuracy": 0.9483985765124555, "precision": 0.9979879275653923, "recall": 0.9465648854961832, "f1": 0.9715964740450539}