{
  "accuracy": 0.9765258215962441,
  "precision": 0.8217276099629042,
  "recall": 0.9492777234712718,
  "f1": 0.8639712488769092
}