{"accuracy": 0.800711743772242, "precision": 0.9975845410628019, "recall": 0.7881679389312977, "f1": 0.8805970149253731}