{
  "accuracy": 0.32633053221288516,
  "precision": 0.43260340632603406,
  "recall": 0.3526666666666667,
  "f1": 0.1895278213096709
}