{"accuracy": 0.9608540925266904, "precision": 0.9718045112781954, "recall": 0.9866412213740458, "f1": 0.9791666666666666}