{
  "accuracy": 0.9757575757575757,
  "precision": 0.9764705882352941,
  "recall": 0.9761904761904762,
  "f1": 0.9757566852776962
}