{
  "accuracy": 0.3598901098901099,
  "precision": 0.4252730736914356,
  "recall": 0.3578452380952381,
  "f1": 0.21124978272676054
}