{
  "node_classification": {
    "accuracy": 0.9814814814814815,
    "precision": 0.6494132724578477,
    "recall": 0.6666666666666666,
    "f1": 0.6578399389899214
  },
  "edge_classification": {
    "accuracy": 0.9405940594059405,
    "precision": 0.8377293577981652,
    "recall": 0.9659139784946237,
    "f1": 0.8898781645579641
  }
}