{
  "node_classification": {
    "accuracy": 0.9814814814814815,
    "precision": 0.6504629629629629,
    "recall": 0.6666666666666666,
    "f1": 0.658413027899276
  },
  "edge_classification": {
    "accuracy": 0.8861386138613861,
    "precision": 0.7915076335877863,
    "recall": 0.9414695340501792,
    "f1": 0.847062320506366
  }
}