{
  "accuracy": 0.9386973180076629,
  "precision": 0.9052932164191324,
  "recall": 0.9464153732446415,
  "f1": 0.9218011737718593
}