{
  "accuracy": 0.7177242888402626,
  "precision": 0.482113213811421,
  "recall": 0.49281133482475764,
  "f1": 0.4817970702872055
}