{
  "accuracy": 0.9921135646687698,
  "precision": 0.9320941759603469,
  "recall": 0.9949404032764884,
  "f1": 0.959802576003041
}