{"accuracy": 0.9323843416370107, "precision": 0.9323843416370107, "recall": 1.0, "f1": 0.9650092081031307}