{"accuracy": 0.9590747330960854, "precision": 0.9980119284294234, "recall": 0.9580152671755725, "f1": 0.9776046738072055}