{"accuracy": 0.7863849765258216, "precision": 0.6061651167628064, "recall": 0.6425414842413645, "f1": 0.6217703453911462}