{
  "node_classification": {
    "accuracy": 0.9835728952772074,
    "precision": 0.6563706563706564,
    "recall": 0.6666666666666666,
    "f1": 0.661437908496732
  },
  "edge_classification": {
    "accuracy": 0.9222011385199241,
    "precision": 0.859476061427281,
    "recall": 0.9506845954865758,
    "f1": 0.8945891968936971
  }
}