{"accuracy": 0.7382629107981221, "precision": 0.2926682692307692, "recall": 0.32979412611575004, "f1": 0.2927185850805876}