{
  "accuracy": 0.8169934640522876,
  "precision": 0.882494317276926,
  "recall": 0.7005921770297648,
  "f1": 0.7362010484119642
}