{
  "accuracy": 0.29545454545454547,
  "precision": 0.31633986928104574,
  "recall": 0.33728330041694093,
  "f1": 0.16663154197400773
}