{
  "accuracy": 0.9214380825565912,
  "precision": 0.6030204962243797,
  "recall": 0.628,
  "f1": 0.6109610858536944
}