{
  "Premise": {
    "precision": 0.9969788519637462,
    "recall": 0.9821428571428571,
    "f1-score": 0.9895052473763118,
    "support": 336.0
  },
  "Conclusion": {
    "precision": 0.7272727272727273,
    "recall": 0.9411764705882353,
    "f1-score": 0.8205128205128205,
    "support": 17.0
  },
  "accuracy": 0.9801699716713881,
  "macro avg": {
    "precision": 0.8621257896182368,
    "recall": 0.9616596638655461,
    "f1-score": 0.9050090339445662,
    "support": 353.0
  },
  "weighted avg": {
    "precision": 0.9839901717378332,
    "recall": 0.9801699716713881,
    "f1-score": 0.981366801889968,
    "support": 353.0
  }
}