{
  "accuracy": 0.8364565587734242,
  "precision": 0.6397729587483002,
  "recall": 0.5910630348599407,
  "f1": 0.6120174829048209
}