{
  "node_classification": {
    "accuracy": 0.990909090909091,
    "precision": 0.6590909090909091,
    "recall": 0.6666666666666666,
    "f1": 0.6628352490421455
  },
  "edge_classification": {
    "accuracy": 0.925764192139738,
    "precision": 0.8927906358073955,
    "recall": 0.9608349960698953,
    "f1": 0.9211816423510005
  }
}