{
  "accuracy": 0.7210526315789474,
  "precision": 0.712081866314051,
  "recall": 0.7158256337360815,
  "f1": 0.5342350648305109
}