{
  "accuracy": 0.39593301435406697,
  "precision": 0.42785947712418304,
  "recall": 0.3453333333333333,
  "f1": 0.20790125139106538
}