{
  "accuracy": 0.9975308641975309,
  "precision": 0.9785329531051965,
  "recall": 0.9779275092936803,
  "f1": 0.9782287759403859
}