{
  "accuracy": 0.9947368421052631,
  "precision": 0.9857106863909584,
  "recall": 0.9745321013977731,
  "f1": 0.9800122677534411
}