{
  "accuracy": 0.9617414248021108,
  "precision": 0.8147044705960242,
  "recall": 0.9600550009625168,
  "f1": 0.8566143895091264
}