{
  "accuracy": 0.6221374045801527,
  "precision": 0.4737574898684767,
  "recall": 0.43126673360107093,
  "f1": 0.43916424519164243
}