{
  "node_classification": {
    "accuracy": 0.9933333333333333,
    "precision": 0.9420289855072465,
    "recall": 0.9947299077733861,
    "f1": 0.9655979257572883
  },
  "edge_classification": {
    "accuracy": 0.8778625954198473,
    "precision": 0.7827799063431247,
    "recall": 0.9320246913580247,
    "f1": 0.8325412972538407
  }
}