{
  "accuracy": 0.8737623762376238,
  "precision": 0.8079690094078584,
  "recall": 0.9091951775822743,
  "f1": 0.8436198567382975
}