{
  "node_classification": {
    "accuracy": 1.0,
    "precision": 1.0,
    "recall": 1.0,
    "f1": 1.0
  },
  "edge_classification": {
    "accuracy": 0.9818652849740933,
    "precision": 0.9307379766568475,
    "recall": 0.9854909169977663,
    "f1": 0.9547861682719997
  }
}