{
  "accuracy": 0.9871414441147379,
  "precision": 0.9155322947892607,
  "recall": 0.8920991117344553,
  "f1": 0.9032934759807008
}