{
  "accuracy": 0.8983739837398373,
  "precision": 0.8857832988267771,
  "recall": 0.9247007894066718,
  "f1": 0.8961638032152018
}