{
  "Premise": {
    "precision": 0.9850746268656716,
    "recall": 1.0,
    "f1-score": 0.9924812030075187,
    "support": 198.0
  },
  "Conclusion": {
    "precision": 1.0,
    "recall": 0.7272727272727273,
    "f1-score": 0.8421052631578947,
    "support": 11.0
  },
  "accuracy": 0.9856459330143541,
  "macro avg": {
    "precision": 0.9925373134328358,
    "recall": 0.8636363636363636,
    "f1-score": 0.9172932330827067,
    "support": 209.0
  },
  "weighted avg": {
    "precision": 0.9858601728201098,
    "recall": 0.9856459330143541,
    "f1-score": 0.9845666798575385,
    "support": 209.0
  }
}