{
  "accuracy": 0.7242798353909465,
  "precision": 0.6012575075075075,
  "recall": 0.7714660033167496,
  "f1": 0.61285966329272
}