{
  "accuracy": 0.9282700421940928,
  "precision": 0.9498311804974754,
  "recall": 0.8463811212138541,
  "f1": 0.8867715310704699
}