{
  "Premise": {
    "precision": 0.9856459330143541,
    "recall": 0.9903846153846154,
    "f1-score": 0.988009592326139,
    "support": 208.0
  },
  "Conclusion": {
    "precision": 0.875,
    "recall": 0.8235294117647058,
    "f1-score": 0.8484848484848485,
    "support": 17.0
  },
  "accuracy": 0.9777777777777777,
  "macro avg": {
    "precision": 0.930322966507177,
    "recall": 0.9069570135746606,
    "f1-score": 0.9182472204054938,
    "support": 225.0
  },
  "weighted avg": {
    "precision": 0.9772860180754918,
    "recall": 0.9777777777777777,
    "f1-score": 0.9774677227914639,
    "support": 225.0
  }
}