{"accuracy": 0.755868544600939, "precision": 0.25195618153364635, "recall": 0.3333333333333333, "f1": 0.28698752228163993}