{
  "node_classification": {
    "accuracy": 0.8860465116279069,
    "precision": 0.608033161099986,
    "recall": 0.5884543761638734,
    "f1": 0.5912615842786888
  },
  "edge_classification": {
    "accuracy": 0.8271334792122538,
    "precision": 0.734855403348554,
    "recall": 0.9099701715137957,
    "f1": 0.7824458946435003
  }
}