{
  "node_classification": {
    "accuracy": 0.951417004048583,
    "precision": 0.7940235690235691,
    "recall": 0.9466751918158568,
    "f1": 0.8503030303030303
  },
  "edge_classification": {
    "accuracy": 0.7229080932784636,
    "precision": 0.6278720395899611,
    "recall": 0.8544245439469319,
    "f1": 0.6496364024863116
  }
}