{
  "accuracy": 0.8865030674846626,
  "precision": 0.599250936329588,
  "recall": 0.6040515653775322,
  "f1": 0.5946138211382114
}