{
  "node_classification": {
    "accuracy": 0.8489583333333334,
    "precision": 0.8068979782525739,
    "recall": 0.88998792077854,
    "f1": 0.836786865644259
  },
  "edge_classification": {
    "accuracy": 0.876750700280112,
    "precision": 0.749054615336929,
    "recall": 0.9413333333333332,
    "f1": 0.8103154284020135
  }
}