{
  "accuracy": 0.9882629107981221,
  "precision": 0.8971387696709585,
  "recall": 0.9205495818399044,
  "f1": 0.9081338930449195
}