{
  "accuracy": 0.6561743341404358,
  "precision": 0.4823770930814279,
  "recall": 0.7553511303511304,
  "f1": 0.48701222210842515
}