{
  "accuracy": 0.7366255144032922,
  "precision": 0.6419131451021347,
  "recall": 0.8630746268656716,
  "f1": 0.6705252570299228
}