{
  "accuracy": 0.6004566210045662,
  "precision": 0.5144409109424285,
  "recall": 0.6148904006046864,
  "f1": 0.5045726800890434
}