{
  "accuracy": 0.8947368421052632,
  "precision": 0.8643724696356276,
  "recall": 0.9317256817256817,
  "f1": 0.8921826095667699
}