{
  "accuracy": 0.8803827751196173,
  "precision": 0.8610062893081761,
  "recall": 0.9276556776556776,
  "f1": 0.8827624617098301
}