{
  "accuracy": 0.5602294455066922,
  "precision": 0.4647856515109825,
  "recall": 0.587446385027745,
  "f1": 0.4570987903358474
}