{
  "accuracy": 0.767616191904048,
  "precision": 0.6361733222735712,
  "recall": 0.8467179487179487,
  "f1": 0.67843560366543
}