{"accuracy": 0.8039906103286385, "precision": 0.6501112074641486, "recall": 0.6685707514298751, "f1": 0.6570935699120413}