{
  "node_classification": {
    "accuracy": 1.0,
    "precision": 1.0,
    "recall": 1.0,
    "f1": 1.0
  },
  "edge_classification": {
    "accuracy": 0.7654676258992805,
    "precision": 0.6136661425576521,
    "recall": 0.8823297491039427,
    "f1": 0.6539805479767956
  }
}