{
  "accuracy": 0.9938271604938271,
  "precision": 0.943179422306557,
  "recall": 0.9742100371747212,
  "f1": 0.9576537212626467
}