{
  "accuracy": 0.9922480620155039,
  "precision": 0.8321799307958478,
  "recall": 0.9122023809523809,
  "f1": 0.8638417749044197
}