{"accuracy": 0.9359430604982206, "precision": 0.9959349593495935, "recall": 0.9351145038167938, "f1": 0.9645669291338582}