{
  "accuracy": 0.6335877862595419,
  "precision": 0.3508602150537634,
  "recall": 0.36543848308554194,
  "f1": 0.35736340448382337
}