{
  "accuracy": 0.9134615384615384,
  "precision": 0.7118305355715427,
  "recall": 0.9571785714285714,
  "f1": 0.7741160447053295
}