{
  "accuracy": 0.7022900763358778,
  "precision": 0.5710061802498777,
  "recall": 0.7323765432098766,
  "f1": 0.5631498654352177
}