{
  "accuracy": 0.8723404255319149,
  "precision": 0.8078379953379953,
  "recall": 0.9255049223586725,
  "f1": 0.8527290609908387
}