{
  "accuracy": 0.8326271186440678,
  "precision": 0.5988597258676,
  "recall": 0.6439793130366901,
  "f1": 0.5968905383131324
}