{
  "accuracy": 0.2757201646090535,
  "precision": 0.09190672153635117,
  "recall": 0.3333333333333333,
  "f1": 0.14408602150537633
}