{
  "node_classification": {
    "accuracy": 0.8969957081545065,
    "precision": 0.7,
    "recall": 0.9447004608294931,
    "f1": 0.7564459930313588
  },
  "edge_classification": {
    "accuracy": 0.7137150466045273,
    "precision": 0.597041847041847,
    "recall": 0.8566666666666666,
    "f1": 0.6094539468975881
  }
}