{
  "node_classification": {
    "accuracy": 1.0,
    "precision": 1.0,
    "recall": 1.0,
    "f1": 1.0
  },
  "edge_classification": {
    "accuracy": 0.9978632478632479,
    "precision": 0.9696969696969697,
    "recall": 0.9983660130718954,
    "f1": 0.9833079833079833
  }
}