{
  "accuracy": 0.44140625,
  "precision": 0.14713541666666666,
  "recall": 0.3333333333333333,
  "f1": 0.2041553748870822
}