{
  "accuracy": 0.9901185770750988,
  "precision": 0.6640150556680161,
  "recall": 0.6613333333333333,
  "f1": 0.6626608968881783
}