{
  "accuracy": 0.7515683814303639,
  "precision": 0.6877242822966507,
  "recall": 0.8604975124378109,
  "f1": 0.7133674273946572
}