{
  "accuracy": 0.9765258215962441,
  "precision": 0.8245614035087719,
  "recall": 0.9845226458129684,
  "f1": 0.8731141487239048
}