{
  "accuracy": 0.8908296943231441,
  "precision": 0.5850340136054422,
  "recall": 0.6241610738255033,
  "f1": 0.597454919285377
}