{
  "accuracy": 0.8625954198473282,
  "precision": 0.5512820512820512,
  "recall": 0.6227106227106227,
  "f1": 0.5733698130414956
}