{"accuracy": 0.9466192170818505, "precision": 0.9959839357429718, "recall": 0.9465648854961832, "f1": 0.9706457925636007}