{
  "accuracy": 0.9703264094955489,
  "precision": 0.8109549876224679,
  "recall": 0.9239936507148462,
  "f1": 0.8479757510367335
}