{
  "node_classification": {
    "accuracy": 1.0,
    "precision": 1.0,
    "recall": 1.0,
    "f1": 1.0
  },
  "edge_classification": {
    "accuracy": 0.9578947368421052,
    "precision": 0.8461538461538461,
    "recall": 0.9765395894428153,
    "f1": 0.8878419452887538
  }
}