{
  "node_classification": {
    "accuracy": 0.8557114228456913,
    "precision": 0.5816438476391083,
    "recall": 0.5872759946927327,
    "f1": 0.5757218460261964
  },
  "edge_classification": {
    "accuracy": 0.8236363636363636,
    "precision": 0.8001893939393939,
    "recall": 0.8694336117859325,
    "f1": 0.8130296144043205
  }
}