{
  "node_classification": {
    "accuracy": 0.835,
    "precision": 0.7397645418883144,
    "recall": 0.8867372023522607,
    "f1": 0.7866335206802133
  },
  "edge_classification": {
    "accuracy": 0.8778625954198473,
    "precision": 0.7976136363636362,
    "recall": 0.9331604938271605,
    "f1": 0.8441559420104299
  }
}