{
  "accuracy": 0.9978813559322034,
  "precision": 0.998639455782313,
  "recall": 0.9166666666666666,
  "f1": 0.951699289122602
}