{
  "accuracy": 0.6790393013100436,
  "precision": 0.5506360964138741,
  "recall": 0.6597789064232017,
  "f1": 0.5316200645232904
}