{
  "accuracy": 0.8469217970049917,
  "precision": 0.7916666666666666,
  "recall": 0.7450980392156863,
  "f1": 0.7676767676767676
}