{
  "accuracy": 0.9851694915254238,
  "precision": 0.787878787878788,
  "recall": 0.9904371584699453,
  "f1": 0.8395934395934396
}