{
  "accuracy": 0.5882352941176471,
  "precision": 0.4008706467661691,
  "recall": 0.3933925510363098,
  "f1": 0.3948588187044904
}