{
  "accuracy": 0.9580152671755725,
  "precision": 0.9500213714355499,
  "recall": 0.9624748995983936,
  "f1": 0.9554387321221491
}