{"accuracy": 0.9715302491103203, "precision": 0.9847328244274809, "recall": 0.9847328244274809, "f1": 0.9847328244274809}