{
  "accuracy": 0.7338820301783264,
  "precision": 0.6368171733525214,
  "recall": 0.8597578772802653,
  "f1": 0.6637606609525241
}