{
  "Support": {
    "precision": 0.9973753280839895,
    "recall": 0.979381443298969,
    "f1-score": 0.988296488946684,
    "support": 388.0
  },
  "Attack": {
    "precision": 0.6153846153846154,
    "recall": 0.9411764705882353,
    "f1-score": 0.7441860465116279,
    "support": 34.0
  },
  "No Relation": {
    "precision": 0.9981718464351006,
    "recall": 0.978494623655914,
    "f1-score": 0.9882352941176471,
    "support": 558.0
  },
  "accuracy": 0.9775510204081632,
  "macro avg": {
    "precision": 0.8703105966345687,
    "recall": 0.966350845847706,
    "f1-score": 0.9069059431919864,
    "support": 980.0
  },
  "weighted avg": {
    "precision": 0.9845761168678071,
    "recall": 0.9775510204081632,
    "f1-score": 0.9797925075615875,
    "support": 980.0
  }
}