{
  "accuracy": 0.6509433962264151,
  "precision": 0.34210526315789475,
  "recall": 0.6438356164383562,
  "f1": 0.33860701945808325
}