{
  "accuracy": 0.7668393782383419,
  "precision": 0.5669654585386871,
  "recall": 0.5639497488812557,
  "f1": 0.5531995262904809
}