{
  "accuracy": 0.9982964224872232,
  "precision": 0.9761904761904763,
  "recall": 0.9981785063752276,
  "f1": 0.9867410789785218
}