{
  "accuracy": 0.8817034700315457,
  "precision": 0.6469240535472891,
  "recall": 0.6270688868532148,
  "f1": 0.6317450317360317
}