{
  "accuracy": 0.8297872340425532,
  "precision": 0.5697399527186762,
  "recall": 0.5748031496062992,
  "f1": 0.5589471602007764
}