{
  "accuracy": 0.9874715261958997,
  "precision": 0.9132584929195099,
  "recall": 0.9635546312753497,
  "f1": 0.9348645474369568
}