{
  "node_classification": {
    "accuracy": 1.0,
    "precision": 1.0,
    "recall": 1.0,
    "f1": 1.0
  },
  "edge_classification": {
    "accuracy": 0.9280359820089955,
    "precision": 0.8128865979381444,
    "recall": 0.9665021645021645,
    "f1": 0.8726237297898476
  }
}