{
  "accuracy": 0.9318181818181818,
  "precision": 0.6982758620689656,
  "recall": 0.7508960573476702,
  "f1": 0.7198617764862955
}