{
  "accuracy": 0.2880658436213992,
  "precision": 0.15951802895423073,
  "recall": 0.45072257758824924,
  "f1": 0.23270223752151464
}