{
  "node_classification": {
    "accuracy": 1.0,
    "precision": 1.0,
    "recall": 1.0,
    "f1": 1.0
  },
  "edge_classification": {
    "accuracy": 0.9907651715039578,
    "precision": 0.9778157691211788,
    "recall": 0.9253856942496493,
    "f1": 0.9489657551312574
  }
}