{
  "accuracy": 0.9842983316977428,
  "precision": 0.8954006960009284,
  "recall": 0.9183602115292163,
  "f1": 0.9057439611094935
}