{
  "node_classification": {
    "accuracy": 0.8166259168704156,
    "precision": 0.5759102056215809,
    "recall": 0.5543478260869565,
    "f1": 0.5484421681604781
  },
  "edge_classification": {
    "accuracy": 0.8287671232876712,
    "precision": 0.7669172932330827,
    "recall": 0.9134542705971277,
    "f1": 0.8099263548543908
  }
}