{
  "accuracy": 0.4921875,
  "precision": 0.38130445687615183,
  "recall": 0.3601704601116808,
  "f1": 0.29644186523637855
}