{
  "accuracy": 0.8476269775187344,
  "precision": 0.7901554404145078,
  "recall": 0.7493857493857494,
  "f1": 0.7692307692307693
}