{"accuracy": 0.9555160142348754, "precision": 0.98635477582846, "recall": 0.9656488549618321, "f1": 0.9758919961427194}