{
  "node_classification": {
    "accuracy": 0.8150537634408602,
    "precision": 0.5620375348849118,
    "recall": 0.5681818181818182,
    "f1": 0.5480951484340676
  },
  "edge_classification": {
    "accuracy": 0.8374760994263862,
    "precision": 0.8558607193467845,
    "recall": 0.8794917251926243,
    "f1": 0.853710739105331
  }
}