{
  "accuracy": 0.8871681415929203,
  "precision": 0.5790378006872853,
  "recall": 0.62,
  "f1": 0.5911319570743329
}