{
  "accuracy": 0.9757142857142858,
  "precision": 0.8887192056309704,
  "recall": 0.9086676932912058,
  "f1": 0.8980997136130989
}