{
  "accuracy": 0.33155792276964047,
  "precision": 0.11640953716690043,
  "recall": 0.332,
  "f1": 0.1723779854620976
}