{
  "accuracy": 0.8142857142857143,
  "precision": 0.6238621519599272,
  "recall": 0.6316809862793944,
  "f1": 0.614532007756096
}