{
  "accuracy": 0.8861788617886179,
  "precision": 0.8735449735449735,
  "recall": 0.916297428062134,
  "f1": 0.8874582124602846
}