{
  "accuracy": 0.3435114503816794,
  "precision": 0.11450381679389314,
  "recall": 0.3333333333333333,
  "f1": 0.17045454545454544
}