{
  "accuracy": 0.7735368956743003,
  "precision": 0.6862076362076363,
  "recall": 0.877358024691358,
  "f1": 0.71993993595793
}