{
  "accuracy": 0.8687782805429864,
  "precision": 0.8028985507246377,
  "recall": 0.912122206423858,
  "f1": 0.8348140583908846
}