{
  "accuracy": 0.7044817927170869,
  "precision": 0.6043764764391396,
  "recall": 0.8593333333333333,
  "f1": 0.6225385373674347
}