{
  "accuracy": 0.9810725552050473,
  "precision": 0.858021978021978,
  "recall": 0.9655359355638167,
  "f1": 0.8973274112820171
}