{
  "accuracy": 0.26762589928057556,
  "precision": 0.08920863309352518,
  "recall": 0.3333333333333333,
  "f1": 0.14074914869466515
}