{
  "accuracy": 0.8926174496644296,
  "precision": 0.8512613378684807,
  "recall": 0.916005291005291,
  "f1": 0.8760880696364567
}