{
  "accuracy": 0.980701754385965,
  "precision": 0.9123420796890184,
  "recall": 0.9612651030561478,
  "f1": 0.9331906951432866
}