{
  "accuracy": 0.7664907651715039,
  "precision": 0.5623594171542404,
  "recall": 0.5666072656271485,
  "f1": 0.5525398318881545
}