{
  "node_classification": {
    "accuracy": 0.8764227642276423,
    "precision": 0.738831615120275,
    "recall": 0.8869047619047619,
    "f1": 0.7172103760403378
  },
  "edge_classification": {
    "accuracy": 0.9134615384615384,
    "precision": 0.7118305355715427,
    "recall": 0.9571785714285714,
    "f1": 0.7741160447053295
  }
}