{
  "accuracy": 0.6950732356857523,
  "precision": 0.5917366946778712,
  "recall": 0.8473333333333333,
  "f1": 0.5972294576468612
}