{"accuracy": 0.7458920187793427, "precision": 0.6144284799602479, "recall": 0.6632285195183948, "f1": 0.6228564903204639}