{
  "accuracy": 0.9913494809688581,
  "precision": 0.8888888888888888,
  "recall": 0.9918300653594772,
  "f1": 0.9291976840363937
}