{
  "accuracy": 0.8465909090909091,
  "precision": 0.8011111111111111,
  "recall": 0.9274193548387096,
  "f1": 0.8417644973622203
}