{
  "accuracy": 0.4803921568627451,
  "precision": 0.3434959349593496,
  "recall": 0.5878136200716846,
  "f1": 0.3083417520565738
}