{
  "node_classification": {
    "accuracy": 0.9899799599198397,
    "precision": 0.9938725490196078,
    "recall": 0.8148148148148149,
    "f1": 0.868702725845583
  },
  "edge_classification": {
    "accuracy": 0.9,
    "precision": 0.8166478129713424,
    "recall": 0.9354302518859482,
    "f1": 0.8572941796556083
  }
}