{
  "accuracy": 0.9930795847750865,
  "precision": 0.9047619047619048,
  "recall": 0.9934640522875817,
  "f1": 0.9411441144114412
}