{
  "Premise": {
    "precision": 0.9953703703703703,
    "recall": 0.9953703703703703,
    "f1-score": 0.9953703703703703,
    "support": 216.0
  },
  "Conclusion": {
    "precision": 0.9375,
    "recall": 0.9375,
    "f1-score": 0.9375,
    "support": 16.0
  },
  "accuracy": 0.9913793103448276,
  "macro avg": {
    "precision": 0.9664351851851851,
    "recall": 0.9664351851851851,
    "f1-score": 0.9664351851851851,
    "support": 232.0
  },
  "weighted avg": {
    "precision": 0.9913793103448276,
    "recall": 0.9913793103448276,
    "f1-score": 0.9913793103448276,
    "support": 232.0
  }
}