{"accuracy": 0.3291814946619217, "precision": 1.0, "recall": 0.28053435114503816, "f1": 0.43815201192250375}