{
  "node_classification": {
    "accuracy": 1.0,
    "precision": 1.0,
    "recall": 1.0,
    "f1": 1.0
  },
  "edge_classification": {
    "accuracy": 0.9912280701754386,
    "precision": 0.9635736067826146,
    "recall": 0.9712153518123667,
    "f1": 0.9672793093845725
  }
}