{
  "accuracy": 0.9683544303797469,
  "precision": 0.980712692619627,
  "recall": 0.8706467661691543,
  "f1": 0.9142073513907715
}