{
  "node_classification": {
    "accuracy": 1.0,
    "precision": 1.0,
    "recall": 1.0,
    "f1": 1.0
  },
  "edge_classification": {
    "accuracy": 0.9882629107981221,
    "precision": 0.9383788254755997,
    "recall": 0.8500597371565114,
    "f1": 0.8849462365591397
  }
}