{
  "accuracy": 0.5343511450381679,
  "precision": 0.5064100120703894,
  "recall": 0.5310493827160494,
  "f1": 0.4123998171988937
}