{
  "node_classification": {
    "accuracy": 0.8591885441527446,
    "precision": 0.5981416957026714,
    "recall": 0.5777777777777778,
    "f1": 0.5771969131192433
  },
  "edge_classification": {
    "accuracy": 0.8584070796460177,
    "precision": 0.7984259964457984,
    "recall": 0.9276689976689977,
    "f1": 0.8413505960749098
  }
}