{
  "accuracy": 0.9771929824561404,
  "precision": 0.898957266304205,
  "recall": 0.9579483534707416,
  "f1": 0.9229810103548157
}