{
  "node_classification": {
    "accuracy": 0.7241379310344828,
    "precision": 0.7725723469241709,
    "recall": 0.8215573766611276,
    "f1": 0.7642647619881542
  },
  "edge_classification": {
    "accuracy": 0.9136690647482014,
    "precision": 0.7387273493468184,
    "recall": 0.9509964157706093,
    "f1": 0.803075116409269
  }
}