{
  "accuracy": 0.888755980861244,
  "precision": 0.7079124579124579,
  "recall": 0.6891304347826087,
  "f1": 0.6883368410352301
}