{
  "accuracy": 0.8512110726643599,
  "precision": 0.5682870370370371,
  "recall": 0.5963513610572434,
  "f1": 0.5701162448071647
}