{
  "accuracy": 0.9826498422712934,
  "precision": 0.8641975308641975,
  "recall": 0.9872214115032151,
  "f1": 0.9082583867087988
}