{
  "accuracy": 0.8271334792122538,
  "precision": 0.734855403348554,
  "recall": 0.9099701715137957,
  "f1": 0.7824458946435003
}