{
  "accuracy": 0.8249299719887955,
  "precision": 0.605323480934639,
  "recall": 0.7131199119911992,
  "f1": 0.6317271328744293
}