{
  "accuracy": 0.8421052631578947,
  "precision": 0.5726495726495727,
  "recall": 0.5954415954415954,
  "f1": 0.5720678902140017
}