{
  "node_classification": {
    "accuracy": 0.9682151589242054,
    "precision": 0.6446700507614214,
    "recall": 0.6666666666666666,
    "f1": 0.6552930883639545
  },
  "edge_classification": {
    "accuracy": 0.819634703196347,
    "precision": 0.7623956799214531,
    "recall": 0.9089191232048375,
    "f1": 0.8036391730605286
  }
}