{
  "accuracy": 0.7297668038408779,
  "precision": 0.63849179335905,
  "recall": 0.8494949064202796,
  "f1": 0.6642405611609689
}