{
  "node_classification": {
    "accuracy": 0.9827956989247312,
    "precision": 0.6568627450980392,
    "recall": 0.6666666666666666,
    "f1": 0.6616915422885572
  },
  "edge_classification": {
    "accuracy": 0.9216061185468452,
    "precision": 0.8588244114559904,
    "recall": 0.9536849436494871,
    "f1": 0.8953857365298991
  }
}