{
  "accuracy": 0.8366666666666667,
  "precision": 0.7586206896551724,
  "recall": 0.7586206896551724,
  "f1": 0.7586206896551724
}