{
  "accuracy": 0.8851063829787233,
  "precision": 0.8173054383497421,
  "recall": 0.9351466558408607,
  "f1": 0.862783735983792
}