{
  "accuracy": 0.28291316526610644,
  "precision": 0.09430438842203548,
  "recall": 0.3333333333333333,
  "f1": 0.1470160116448326
}