{
  "accuracy": 0.7647058823529411,
  "precision": 0.6376262626262627,
  "recall": 0.888,
  "f1": 0.6772966242390703
}