{
  "node_classification": {
    "accuracy": 1.0,
    "precision": 1.0,
    "recall": 1.0,
    "f1": 1.0
  },
  "edge_classification": {
    "accuracy": 0.8753501400560224,
    "precision": 0.7328701350053662,
    "recall": 0.9396993464052287,
    "f1": 0.7952611547714202
  }
}