{
  "Premise": {
    "precision": 0.9811320754716981,
    "recall": 1.0,
    "f1-score": 0.9904761904761905,
    "support": 208.0
  },
  "Conclusion": {
    "precision": 1.0,
    "recall": 0.7647058823529411,
    "f1-score": 0.8666666666666667,
    "support": 17.0
  },
  "accuracy": 0.9822222222222222,
  "macro avg": {
    "precision": 0.9905660377358491,
    "recall": 0.8823529411764706,
    "f1-score": 0.9285714285714286,
    "support": 225.0
  },
  "weighted avg": {
    "precision": 0.9825576519916143,
    "recall": 0.9822222222222222,
    "f1-score": 0.9811216931216932,
    "support": 225.0
  }
}