{
  "accuracy": 0.9033613445378151,
  "precision": 0.5824175824175825,
  "recall": 0.6273333333333334,
  "f1": 0.5975488852797216
}