{
  "accuracy": 0.8071428571428572,
  "precision": 0.5405747718154258,
  "recall": 0.5742097219115784,
  "f1": 0.548218515085985
}