{
  "node_classification": {
    "accuracy": 0.8615751789976134,
    "precision": 0.5941771107328898,
    "recall": 0.5804093567251462,
    "f1": 0.5790241069553076
  },
  "edge_classification": {
    "accuracy": 0.8584070796460177,
    "precision": 0.7984259964457984,
    "recall": 0.9276689976689977,
    "f1": 0.8413505960749098
  }
}