{
  "node_classification": {
    "accuracy": 0.9827956989247312,
    "precision": 0.6568627450980392,
    "recall": 0.6666666666666666,
    "f1": 0.6616915422885572
  },
  "edge_classification": {
    "accuracy": 0.9120458891013384,
    "precision": 0.8531746031746031,
    "recall": 0.9480921024861763,
    "f1": 0.8888409148566634
  }
}