{
  "accuracy": 0.5266106442577031,
  "precision": 0.49575911735143735,
  "recall": 0.6159477124183006,
  "f1": 0.4262252256881991
}