{
  "accuracy": 0.3076923076923077,
  "precision": 0.10256410256410257,
  "recall": 0.3333333333333333,
  "f1": 0.1568627450980392
}