{
  "accuracy": 0.6785714285714286,
  "precision": 0.6954180394024796,
  "recall": 0.6636947685852891,
  "f1": 0.4835932644917384
}