{
  "accuracy": 0.49693251533742333,
  "precision": 0.407936507936508,
  "recall": 0.35094545171581976,
  "f1": 0.35164884384972844
}