{
  "accuracy": 0.9893162393162394,
  "precision": 0.9920255183413079,
  "recall": 0.8333333333333334,
  "f1": 0.8848533763788001
}