{
  "accuracy": 0.6932773109243697,
  "precision": 0.6007794422116673,
  "recall": 0.8540000000000001,
  "f1": 0.6151054440725011
}