{
  "accuracy": 0.8921438082556591,
  "precision": 0.918429003021148,
  "recall": 0.9460000000000001,
  "f1": 0.9241486387021739
}