{
  "accuracy": 0.8252911813643927,
  "precision": 0.7219730941704036,
  "recall": 0.7892156862745098,
  "f1": 0.7540983606557377
}