{
  "accuracy": 0.9005602240896359,
  "precision": 0.57997557997558,
  "recall": 0.6273333333333334,
  "f1": 0.5959423532263176
}