{
  "accuracy": 0.7697841726618705,
  "precision": 0.6154431216931217,
  "recall": 0.8843297491039426,
  "f1": 0.6567859831801347
}