{
  "accuracy": 0.805,
  "precision": 0.6791666666666667,
  "recall": 0.8029556650246306,
  "f1": 0.7358916478555305
}