{
  "accuracy": 0.8604206500956023,
  "precision": 0.7505910165484634,
  "recall": 0.6731199449320254,
  "f1": 0.6852967315098253
}