{
  "accuracy": 0.8063186813186813,
  "precision": 0.6532459425717853,
  "recall": 0.9051785714285714,
  "f1": 0.702058273188987
}