{
  "accuracy": 0.7790476190476191,
  "precision": 0.5386313465783664,
  "recall": 0.5585858585858586,
  "f1": 0.5229350092392218
}