{
  "accuracy": 0.833984375,
  "precision": 0.7885381114903299,
  "recall": 0.8932447289074661,
  "f1": 0.8141213824063808
}