{
  "accuracy": 0.8284960422163589,
  "precision": 0.5621056350468115,
  "recall": 0.5818722327640734,
  "f1": 0.560779949622769
}