{
  "node_classification": {
    "accuracy": 0.8581907090464548,
    "precision": 0.8013298022998924,
    "recall": 0.8246355777118698,
    "f1": 0.8025961839367591
  },
  "edge_classification": {
    "accuracy": 0.8333333333333334,
    "precision": 0.7692502532928064,
    "recall": 0.9157218442932727,
    "f1": 0.813084051960096
  }
}