{
  "accuracy": 0.8286189683860233,
  "precision": 0.7130801687763713,
  "recall": 0.8284313725490197,
  "f1": 0.7664399092970522
}