{
  "accuracy": 0.6079545454545454,
  "precision": 0.4717514124293785,
  "recall": 0.489247311827957,
  "f1": 0.40806299488934217
}