{
  "accuracy": 0.3035971223021583,
  "precision": 0.45637568812492973,
  "recall": 0.41823894862604544,
  "f1": 0.22183108909881255
}