{
  "accuracy": 0.5099866844207723,
  "precision": 0.4809850853364768,
  "recall": 0.37199999999999994,
  "f1": 0.3850150271221229
}