{
  "accuracy": 0.8283333333333334,
  "precision": 0.7314814814814815,
  "recall": 0.7783251231527094,
  "f1": 0.7541766109785203
}