{
  "accuracy": 0.4065040650406504,
  "precision": 0.3680981595092025,
  "recall": 0.5848484848484848,
  "f1": 0.34966417194396465
}