{
  "accuracy": 0.8035714285714286,
  "precision": 0.6520794537554314,
  "recall": 0.9038452380952382,
  "f1": 0.7002739528512724
}