{
  "accuracy": 0.9788732394366197,
  "precision": 0.6517156263203541,
  "recall": 0.6666666666666666,
  "f1": 0.6590733327267765
}