{
  "node_classification": {
    "accuracy": 0.9801762114537445,
    "precision": 0.6495238095238095,
    "recall": 0.6666666666666666,
    "f1": 0.6578690127077224
  },
  "edge_classification": {
    "accuracy": 0.9524886877828054,
    "precision": 0.937125748502994,
    "recall": 0.964527027027027,
    "f1": 0.9480648825277105
  }
}