{
  "node_classification": {
    "accuracy": 0.9971671388101983,
    "precision": 0.9722222222222222,
    "recall": 0.9985119047619048,
    "f1": 0.9849691292314243
  },
  "edge_classification": {
    "accuracy": 0.9881266490765171,
    "precision": 0.9477405811512541,
    "recall": 0.9232351566152408,
    "f1": 0.9348929886313065
  }
}