{
  "accuracy": 0.8991596638655462,
  "precision": 0.7414557414557414,
  "recall": 0.952,
  "f1": 0.8047180522870553
}