{
  "accuracy": 0.8483333333333334,
  "precision": 0.7718446601941747,
  "recall": 0.7832512315270936,
  "f1": 0.7775061124694377
}