{
  "accuracy": 0.6267942583732058,
  "precision": 0.4207033639143731,
  "recall": 0.43813593813593815,
  "f1": 0.42461577644596193
}