{
  "accuracy": 0.4273381294964029,
  "precision": 0.44057162249381926,
  "recall": 0.45418876941457587,
  "f1": 0.3165358497221977
}