{
  "accuracy": 0.8243130724396336,
  "precision": 0.7177777777777777,
  "recall": 0.7936117936117936,
  "f1": 0.7537922987164527
}