{
  "accuracy": 0.5598086124401914,
  "precision": 0.18660287081339713,
  "recall": 0.3333333333333333,
  "f1": 0.23926380368098157
}