{
  "accuracy": 0.6854838709677419,
  "precision": 0.48947007542364585,
  "recall": 0.47638217928073007,
  "f1": 0.4566246405662464
}