{
  "accuracy": 0.3963963963963964,
  "precision": 0.13213213213213212,
  "recall": 0.3333333333333333,
  "f1": 0.18924731182795698
}