{
  "node_classification": {
    "accuracy": 1.0,
    "precision": 1.0,
    "recall": 1.0,
    "f1": 1.0
  },
  "edge_classification": {
    "accuracy": 0.9978813559322034,
    "precision": 0.998639455782313,
    "recall": 0.9166666666666666,
    "f1": 0.951699289122602
  }
}