{
  "accuracy": 0.8765903307888041,
  "precision": 0.7768349129380647,
  "recall": 0.9111913580246913,
  "f1": 0.8221161823728904
}