{
  "Support": {
    "precision": 0.9402985074626866,
    "recall": 0.9402985074626866,
    "f1-score": 0.9402985074626866,
    "support": 201.0
  },
  "Attack": {
    "precision": 1.0,
    "recall": 0.8333333333333334,
    "f1-score": 0.9090909090909091,
    "support": 12.0
  },
  "No Relation": {
    "precision": 0.9543726235741445,
    "recall": 0.9616858237547893,
    "f1-score": 0.9580152671755725,
    "support": 261.0
  },
  "accuracy": 0.9493670886075949,
  "macro avg": {
    "precision": 0.964890377012277,
    "recall": 0.9117725548502698,
    "f1-score": 0.935801561243056,
    "support": 474.0
  },
  "weighted avg": {
    "precision": 0.9495596091832316,
    "recall": 0.9493670886075949,
    "f1-score": 0.9492638726622686,
    "support": 474.0
  }
}