{
  "Support": {
    "precision": 0.8878504672897196,
    "recall": 0.945273631840796,
    "f1-score": 0.9156626506024096,
    "support": 201.0
  },
  "Attack": {
    "precision": 0.5,
    "recall": 0.4166666666666667,
    "f1-score": 0.45454545454545453,
    "support": 12.0
  },
  "No Relation": {
    "precision": 0.968,
    "recall": 0.9272030651340997,
    "f1-score": 0.9471624266144814,
    "support": 261.0
  },
  "accuracy": 0.9219409282700421,
  "macro avg": {
    "precision": 0.7852834890965732,
    "recall": 0.7630477878805207,
    "f1-score": 0.7724568439207818,
    "support": 474.0
  },
  "weighted avg": {
    "precision": 0.9221644386608305,
    "recall": 0.9219409282700421,
    "f1-score": 0.9213336109114123,
    "support": 474.0
  }
}