{
  "accuracy": 0.8404907975460123,
  "precision": 0.8096808085495869,
  "recall": 0.8941197831556558,
  "f1": 0.845230024213075
}