{
  "accuracy": 0.9236641221374046,
  "precision": 0.8833242377174201,
  "recall": 0.9572290454643396,
  "f1": 0.915201886236369
}