{
  "accuracy": 0.8804071246819338,
  "precision": 0.7990476190476191,
  "recall": 0.9344938271604938,
  "f1": 0.8458772245737399
}