{
  "node_classification": {
    "accuracy": 0.8590308370044053,
    "precision": 0.602133236446682,
    "recall": 0.5570381885966805,
    "f1": 0.5665471923536439
  },
  "edge_classification": {
    "accuracy": 0.8868778280542986,
    "precision": 0.8724489795918368,
    "recall": 0.9155405405405406,
    "f1": 0.8807751235407091
  }
}