{
  "accuracy": 0.8398692810457516,
  "precision": 0.5670731707317073,
  "recall": 0.5878136200716846,
  "f1": 0.563408806131072
}