{
  "accuracy": 0.753956834532374,
  "precision": 0.6068065268065268,
  "recall": 0.8769964157706093,
  "f1": 0.6435004960561007
}