{
  "accuracy": 0.8618181818181818,
  "precision": 0.5857294994675186,
  "recall": 0.5993265993265994,
  "f1": 0.5831528770854614
}