{
  "node_classification": {
    "accuracy": 0.9837209302325581,
    "precision": 0.6541218637992832,
    "recall": 0.6666666666666666,
    "f1": 0.6602739726027397
  },
  "edge_classification": {
    "accuracy": 0.8949671772428884,
    "precision": 0.7606382978723404,
    "recall": 0.9038590604026845,
    "f1": 0.8092287053711386
  }
}