{
  "accuracy": 0.9742857142857143,
  "precision": 0.8822287044627896,
  "recall": 0.9055985315327127,
  "f1": 0.8928140725578774
}