{
  "accuracy": 0.8552412645590682,
  "precision": 0.7671232876712328,
  "recall": 0.8235294117647058,
  "f1": 0.7943262411347518
}