{
  "accuracy": 0.7352537722908093,
  "precision": 0.6374112835318176,
  "recall": 0.860424543946932,
  "f1": 0.664714650768067
}