{
  "accuracy": 0.49313186813186816,
  "precision": 0.4520975254462514,
  "recall": 0.4756071428571429,
  "f1": 0.3554251422522616
}