{
  "accuracy": 0.9842271293375394,
  "precision": 0.8717948717948718,
  "recall": 0.9884605688762015,
  "f1": 0.9148018469808495
}