{
  "accuracy": 0.8435940099833611,
  "precision": 0.7644230769230769,
  "recall": 0.7794117647058824,
  "f1": 0.7718446601941747
}