{
  "accuracy": 0.824945295404814,
  "precision": 0.7227272727272727,
  "recall": 0.868303504847129,
  "f1": 0.7619613567941693
}