{
  "node_classification": {
    "accuracy": 0.8993839835728953,
    "precision": 0.6938239430793415,
    "recall": 0.7309562917918968,
    "f1": 0.7078941003144447
  },
  "edge_classification": {
    "accuracy": 0.8292220113851992,
    "precision": 0.8129227053140097,
    "recall": 0.896028454196771,
    "f1": 0.8323982108703843
  }
}