{
  "node_classification": {
    "accuracy": 1.0,
    "precision": 1.0,
    "recall": 1.0,
    "f1": 1.0
  },
  "edge_classification": {
    "accuracy": 0.8820577164366374,
    "precision": 0.7932599965077701,
    "recall": 0.9195803739921083,
    "f1": 0.8372869060573086
  }
}