{
  "accuracy": 0.969335604770017,
  "precision": 0.6406035301654627,
  "recall": 0.6575591985428051,
  "f1": 0.6489275330766126
}