{
  "accuracy": 0.7202007528230866,
  "precision": 0.62257843552082,
  "recall": 0.7765568708183221,
  "f1": 0.6327614901067441
}