{"accuracy": 0.9626334519572953, "precision": 0.9718574108818011, "recall": 0.9885496183206107, "f1": 0.9801324503311258}