{
  "accuracy": 0.8827751196172249,
  "precision": 0.5871857258718572,
  "recall": 0.6166666666666667,
  "f1": 0.5945199342989399
}