{
  "accuracy": 0.8225806451612904,
  "precision": 0.7408055113937467,
  "recall": 0.8682232957595276,
  "f1": 0.7643467643467643
}