{"accuracy": 0.7793594306049823, "precision": 0.9975124378109452, "recall": 0.7652671755725191, "f1": 0.8660907127429806}