{
  "accuracy": 0.8393665158371041,
  "precision": 0.7930492192426097,
  "recall": 0.8480607073847805,
  "f1": 0.8047103935527707
}