{
  "accuracy": 0.23088455772113944,
  "precision": 0.07696151924037982,
  "recall": 0.3333333333333333,
  "f1": 0.12505075111652456
}