{
  "accuracy": 0.902127659574468,
  "precision": 0.8381068132177835,
  "recall": 0.9102473020061573,
  "f1": 0.8681415405553338
}