{
  "accuracy": 0.5361702127659574,
  "precision": 0.3587570621468927,
  "recall": 0.5668662674650699,
  "f1": 0.32189198181213263
}