{
  "accuracy": 0.8402662229617305,
  "precision": 0.8057142857142857,
  "recall": 0.6945812807881774,
  "f1": 0.746031746031746
}