{
  "accuracy": 0.7595419847328244,
  "precision": 0.5486111111111112,
  "recall": 0.4625585676037483,
  "f1": 0.47714894038423444
}