{
  "accuracy": 0.7020725388601037,
  "precision": 0.49715829594249045,
  "recall": 0.5043487714720591,
  "f1": 0.4759676970203286
}