{
  "accuracy": 0.9936440677966102,
  "precision": 0.8653061224489796,
  "recall": 0.9136904761904763,
  "f1": 0.8867124573196268
}