{
  "node_classification": {
    "accuracy": 0.9786223277909739,
    "precision": 0.6500920810313076,
    "recall": 0.6666666666666666,
    "f1": 0.6581680830972615
  },
  "edge_classification": {
    "accuracy": 0.9612590799031477,
    "precision": 0.8518518518518517,
    "recall": 0.9820426487093155,
    "f1": 0.9044982698961938
  }
}