{
  "accuracy": 0.8145454545454546,
  "precision": 0.7756611204887068,
  "recall": 0.882680532469562,
  "f1": 0.7983948640745911
}