{
  "node_classification": {
    "accuracy": 0.9837209302325581,
    "precision": 0.6544953116381688,
    "recall": 0.6666666666666666,
    "f1": 0.6604904979138108
  },
  "edge_classification": {
    "accuracy": 0.8293216630196937,
    "precision": 0.7358817533129459,
    "recall": 0.9110812826249068,
    "f1": 0.7839013080767477
  }
}