{
  "accuracy": 0.9931662870159453,
  "precision": 0.954531490015361,
  "recall": 0.9695569770196636,
  "f1": 0.9616543371143961
}