{
  "accuracy": 0.7503136762860728,
  "precision": 0.7166178114886866,
  "recall": 0.7590574712643678,
  "f1": 0.7048880961642939
}