{"accuracy": 0.8202846975088968, "precision": 0.993006993006993, "recall": 0.8129770992366412, "f1": 0.8940188877229801}