{
  "accuracy": 0.7735849056603774,
  "precision": 0.8571428571428571,
  "recall": 0.8904109589041096,
  "f1": 0.8435171385991058
}