{
  "accuracy": 0.8675078864353313,
  "precision": 0.577793702454059,
  "recall": 0.5966063420713456,
  "f1": 0.5850267562530987
}