{
  "accuracy": 0.9118773946360154,
  "precision": 0.5975975975975976,
  "recall": 0.6382113821138211,
  "f1": 0.6132787077638725
}