{
  "accuracy": 0.8725868725868726,
  "precision": 0.7993346316131126,
  "recall": 0.916615479115479,
  "f1": 0.8457294165877
}