{
  "accuracy": 0.851063829787234,
  "precision": 0.7912040708432461,
  "recall": 0.9063017608235864,
  "f1": 0.8252713845525004
}