{
  "accuracy": 0.5405405405405406,
  "precision": 0.6379679144385026,
  "recall": 0.5088131313131313,
  "f1": 0.4930810110514127
}