{"accuracy": 0.7312206572769953, "precision": 0.5662956613897168, "recall": 0.5784973338904417, "f1": 0.5627741228070176}