{
  "accuracy": 0.7057416267942583,
  "precision": 0.5815581099592321,
  "recall": 0.7347218595175256,
  "f1": 0.5897224475799088
}