{
  "accuracy": 0.9685714285714285,
  "precision": 0.8562968334541939,
  "recall": 0.96864628242801,
  "f1": 0.8954867105739924
}