{
  "accuracy": 0.9430523917995444,
  "precision": 0.7863247863247863,
  "recall": 0.965161352968082,
  "f1": 0.8248526092728913
}