{
  "accuracy": 0.7283950617283951,
  "precision": 0.6344766305313666,
  "recall": 0.8570912106135986,
  "f1": 0.6599495451338837
}