{
  "accuracy": 0.8186356073211315,
  "precision": 0.703862660944206,
  "recall": 0.803921568627451,
  "f1": 0.7505720823798627
}