{
  "accuracy": 0.7503136762860728,
  "precision": 0.6851172006169248,
  "recall": 0.8490032595642477,
  "f1": 0.7099795599033728
}