{
  "accuracy": 0.867579908675799,
  "precision": 0.6987108655616944,
  "recall": 0.6560846560846562,
  "f1": 0.6392789573642145
}