{
  "accuracy": 0.796271637816245,
  "precision": 0.5593591739113929,
  "recall": 0.89,
  "f1": 0.5626799252308071
}