{
  "node_classification": {
    "accuracy": 1.0,
    "precision": 1.0,
    "recall": 1.0,
    "f1": 1.0
  },
  "edge_classification": {
    "accuracy": 0.9980237154150198,
    "precision": 0.6653386454183267,
    "recall": 0.6666666666666666,
    "f1": 0.6660013306719893
  }
}