{
  "accuracy": 0.28291316526610644,
  "precision": 0.09688249400479616,
  "recall": 0.3333333333333333,
  "f1": 0.15013006317354144
}