{
  "accuracy": 0.32373113854595337,
  "precision": 0.40397847005357096,
  "recall": 0.3566666666666667,
  "f1": 0.1935947233011597
}