{
  "accuracy": 0.9709762532981531,
  "precision": 0.8396477812536206,
  "recall": 0.9675818826829469,
  "f1": 0.8824206317145983
}