{
  "Premise": {
    "precision": 0.997229916897507,
    "recall": 0.997229916897507,
    "f1-score": 0.997229916897507,
    "support": 361.0
  },
  "Conclusion": {
    "precision": 0.96,
    "recall": 0.96,
    "f1-score": 0.96,
    "support": 25.0
  },
  "accuracy": 0.9948186528497409,
  "macro avg": {
    "precision": 0.9786149584487535,
    "recall": 0.9786149584487535,
    "f1-score": 0.9786149584487535,
    "support": 386.0
  },
  "weighted avg": {
    "precision": 0.9948186528497409,
    "recall": 0.9948186528497409,
    "f1-score": 0.9948186528497409,
    "support": 386.0
  }
}