{
  "accuracy": 0.8920454545454546,
  "precision": 0.8257712114394279,
  "recall": 0.9324665350010971,
  "f1": 0.8701024713682942
}