{
  "accuracy": 0.5601750547045952,
  "precision": 0.34609250398724084,
  "recall": 0.6088888888888889,
  "f1": 0.3262807359817014
}