{
  "node_classification": {
    "accuracy": 0.832258064516129,
    "precision": 0.712462762882931,
    "recall": 0.8587886638404774,
    "f1": 0.7465754763067904
  },
  "edge_classification": {
    "accuracy": 0.8374760994263862,
    "precision": 0.8157693776250478,
    "recall": 0.9044679414123507,
    "f1": 0.8378711267342184
  }
}