{
  "accuracy": 0.5315315315315315,
  "precision": 0.549025437624272,
  "recall": 0.6024494949494948,
  "f1": 0.49065881181701343
}