{
  "node_classification": {
    "accuracy": 0.7368421052631579,
    "precision": 0.5923076923076923,
    "recall": 0.7922077922077921,
    "f1": 0.5804628157569334
  },
  "edge_classification": {
    "accuracy": 0.7691154422788605,
    "precision": 0.6423468130785204,
    "recall": 0.8958354978354978,
    "f1": 0.6928191326836161
  }
}