{
  "accuracy": 0.9868073878627969,
  "precision": 0.9561612625378567,
  "recall": 0.8956158732777824,
  "f1": 0.9219496858239663
}