{
  "accuracy": 0.9866666666666667,
  "precision": 0.8628371409133803,
  "recall": 0.8817204301075269,
  "f1": 0.8716692212769375
}