{
  "node_classification": {
    "accuracy": 0.8873239436619719,
    "precision": 0.6491228070175439,
    "recall": 0.9408284023668638,
    "f1": 0.6982831888492266
  },
  "edge_classification": {
    "accuracy": 0.7822966507177034,
    "precision": 0.6992263594367452,
    "recall": 0.8734888178913738,
    "f1": 0.7287358163228558
  }
}