{
  "accuracy": 0.9771428571428571,
  "precision": 0.8912025827280065,
  "recall": 0.9285870372798392,
  "f1": 0.9075168809053604
}