{
  "accuracy": 0.8806584362139918,
  "precision": 0.5659722222222222,
  "recall": 0.6273333333333334,
  "f1": 0.5864622111533438
}