{"accuracy": 0.8192488262910798, "precision": 0.678037822888815, "recall": 0.6563826544959191, "f1": 0.6621781139443534}