{
  "accuracy": 0.6880530973451328,
  "precision": 0.5656175048981215,
  "recall": 0.7495234395234395,
  "f1": 0.583579699433358
}