{
  "accuracy": 0.876750700280112,
  "precision": 0.7408066429418744,
  "recall": 0.9403660130718955,
  "f1": 0.8028299389372547
}