{
  "accuracy": 0.6946564885496184,
  "precision": 0.482907383136741,
  "recall": 0.43435322847087554,
  "f1": 0.43206349206349204
}