{
  "accuracy": 0.9936908517350158,
  "precision": 0.9333333333333332,
  "recall": 0.9958955131141197,
  "f1": 0.9609033815777916
}