{
  "node_classification": {
    "accuracy": 0.9906976744186047,
    "precision": 0.9931449502878075,
    "recall": 0.8095238095238096,
    "f1": 0.8632149203058233
  },
  "edge_classification": {
    "accuracy": 0.9037199124726477,
    "precision": 0.7886743886743887,
    "recall": 0.9488590604026846,
    "f1": 0.8440811436755035
  }
}