{
  "accuracy": 0.8960396039603961,
  "precision": 0.8272084254829942,
  "recall": 0.7580576759966072,
  "f1": 0.7734629712426423
}