{
  "node_classification": {
    "accuracy": 0.8411949685534591,
    "precision": 0.7823352649392389,
    "recall": 0.8737140134734118,
    "f1": 0.8180223822347109
  },
  "edge_classification": {
    "accuracy": 0.8833124215809285,
    "precision": 0.8007355181268224,
    "recall": 0.9316517412935323,
    "f1": 0.8464166597186727
  }
}