{
  "node_classification": {
    "accuracy": 0.7886178861788617,
    "precision": 0.7385792349726775,
    "recall": 0.8687902187902189,
    "f1": 0.7749161061531925
  },
  "edge_classification": {
    "accuracy": 0.9134615384615384,
    "precision": 0.7118028107158542,
    "recall": 0.9563571428571428,
    "f1": 0.7740141843971631
  }
}