{
  "node_classification": {
    "accuracy": 1.0,
    "precision": 1.0,
    "recall": 1.0,
    "f1": 1.0
  },
  "edge_classification": {
    "accuracy": 0.9914529914529915,
    "precision": 0.9047619047619048,
    "recall": 0.9934640522875817,
    "f1": 0.9411441144114412
  }
}