{
  "accuracy": 0.8148788927335641,
  "precision": 0.5519828510182209,
  "recall": 0.5778388278388279,
  "f1": 0.5461695874940379
}