{
  "accuracy": 0.6015180265654649,
  "precision": 0.5506727883932122,
  "recall": 0.6580348272478692,
  "f1": 0.546355546214688
}