{
  "accuracy": 0.5503355704697986,
  "precision": 0.34761904761904766,
  "recall": 0.6259259259259259,
  "f1": 0.3390343411418227
}