{
  "accuracy": 0.8618618618618619,
  "precision": 0.8256843800322061,
  "recall": 0.9090909090909092,
  "f1": 0.8505117541093594
}