{
  "accuracy": 0.9828496042216359,
  "precision": 0.8973222048339419,
  "recall": 0.9335153865192641,
  "f1": 0.9137647085048993
}