{
  "accuracy": 0.35006273525721454,
  "precision": 0.35345850950439733,
  "recall": 0.37141808200377424,
  "f1": 0.2252859639583488
}