{
  "accuracy": 0.9915254237288136,
  "precision": 0.8319727891156462,
  "recall": 0.9122023809523809,
  "f1": 0.8637378123970804
}