{"accuracy": 0.9572953736654805, "precision": 0.9826254826254827, "recall": 0.9713740458015268, "f1": 0.9769673704414588}