{
  "accuracy": 0.9844559585492227,
  "precision": 0.9310064935064934,
  "recall": 0.9889402834608315,
  "f1": 0.9567248843110913
}