{
  "accuracy": 0.812206572769953,
  "precision": 0.5573002502594152,
  "recall": 0.562467997951869,
  "f1": 0.5471952778404391
}