{
  "node_classification": {
    "accuracy": 1.0,
    "precision": 1.0,
    "recall": 1.0,
    "f1": 1.0
  },
  "edge_classification": {
    "accuracy": 0.9929824561403509,
    "precision": 0.9947722931537147,
    "recall": 0.9523809523809524,
    "f1": 0.9717341504730771
  }
}