{
  "accuracy": 0.8620689655172413,
  "precision": 0.8377957658779577,
  "recall": 0.9092756836659275,
  "f1": 0.8676075268817204
}