{
  "accuracy": 0.5884892086330935,
  "precision": 0.43368669022379275,
  "recall": 0.44598566308243726,
  "f1": 0.3969151831945479
}