{
  "accuracy": 0.9389312977099237,
  "precision": 0.9402454780361758,
  "recall": 0.9276480923694779,
  "f1": 0.9333206082585734
}