{"accuracy": 0.9644128113879004, "precision": 0.9790874524714829, "recall": 0.982824427480916, "f1": 0.9809523809523809}