{
  "accuracy": 0.9782608695652174,
  "precision": 0.6539199044385766,
  "recall": 0.6533333333333333,
  "f1": 0.6534185669605893
}