{
  "node_classification": {
    "accuracy": 0.9967213114754099,
    "precision": 0.9982578397212544,
    "recall": 0.9736842105263157,
    "f1": 0.9856138861374464
  },
  "edge_classification": {
    "accuracy": 0.9968454258675079,
    "precision": 0.9782142857142858,
    "recall": 0.9779275092936803,
    "f1": 0.9780690624808518
  }
}