{
  "accuracy": 0.9118773946360154,
  "precision": 0.6,
  "recall": 0.6382113821138211,
  "f1": 0.6147676338759142
}