{
  "accuracy": 0.8528528528528528,
  "precision": 0.8209123757904245,
  "recall": 0.9034090909090909,
  "f1": 0.8439549688157042
}