{
  "node_classification": {
    "accuracy": 1.0,
    "precision": 1.0,
    "recall": 1.0,
    "f1": 1.0
  },
  "edge_classification": {
    "accuracy": 0.9714285714285714,
    "precision": 0.9779788759791198,
    "recall": 0.7701149425287356,
    "f1": 0.8132892146703402
  }
}