{
  "accuracy": 0.9005602240896359,
  "precision": 0.7471064810795959,
  "recall": 0.9516831683168316,
  "f1": 0.8103779523505308
}