{
  "node_classification": {
    "accuracy": 0.9622641509433962,
    "precision": 0.7894736842105263,
    "recall": 0.9800995024875622,
    "f1": 0.8565143824027073
  },
  "edge_classification": {
    "accuracy": 0.9556962025316456,
    "precision": 0.9696094609460947,
    "recall": 0.8637464020891711,
    "f1": 0.9055543739414706
  }
}