{
  "accuracy": 0.8076923076923077,
  "precision": 0.6636957813428402,
  "recall": 0.9066666666666666,
  "f1": 0.7138756576694375
}