{
  "accuracy": 0.8811881188118812,
  "precision": 0.8270179869914354,
  "recall": 0.9294591370053689,
  "f1": 0.8663205291164875
}