{
  "accuracy": 0.8306451612903226,
  "precision": 0.7330487685212442,
  "recall": 0.8777509393451423,
  "f1": 0.7728630692548218
}