{
  "accuracy": 0.9085173501577287,
  "precision": 0.6064044099223252,
  "recall": 0.6239956256679555,
  "f1": 0.6134877459061435
}