{
  "accuracy": 0.8494208494208494,
  "precision": 0.7894112060778727,
  "recall": 0.9235257985257985,
  "f1": 0.8331201706997886
}