{
  "accuracy": 0.8438914027149321,
  "precision": 0.734006734006734,
  "recall": 0.6730571918147111,
  "f1": 0.6876498165781563
}