{
  "accuracy": 0.9728571428571429,
  "precision": 0.8687191937026411,
  "recall": 0.9724485637968313,
  "f1": 0.9069934681036944
}