{
  "node_classification": {
    "accuracy": 0.759075907590759,
    "precision": 0.6032608695652174,
    "recall": 0.8714788732394366,
    "f1": 0.5974337974337974
  },
  "edge_classification": {
    "accuracy": 0.8002544529262087,
    "precision": 0.6971934340355394,
    "recall": 0.891358024691358,
    "f1": 0.7378503760699925
  }
}