{"accuracy": 0.9501779359430605, "precision": 0.996, "recall": 0.950381679389313, "f1": 0.97265625}