{"accuracy": 0.9590747330960854, "precision": 0.9717514124293786, "recall": 0.9847328244274809, "f1": 0.9781990521327014}