{
  "accuracy": 0.7741007194244605,
  "precision": 0.5202332534774453,
  "recall": 0.547741935483871,
  "f1": 0.5192650307046288
}