{
  "accuracy": 0.8368121442125237,
  "precision": 0.8060732557485805,
  "recall": 0.8931964142360181,
  "f1": 0.8368909238984293
}