{
  "accuracy": 0.8539823008849557,
  "precision": 0.7961287078934137,
  "recall": 0.9254467754467753,
  "f1": 0.8383767650378656
}