{
  "accuracy": 0.8650442477876106,
  "precision": 0.818529899521998,
  "recall": 0.8907459207459207,
  "f1": 0.8483788554203539
}