{
  "Support": {
    "precision": 0.9863013698630136,
    "recall": 0.9863013698630136,
    "f1-score": 0.9863013698630136,
    "support": 73.0
  },
  "Attack": {
    "precision": 0.5,
    "recall": 0.5,
    "f1-score": 0.5,
    "support": 2.0
  },
  "No Relation": {
    "precision": 1.0,
    "recall": 1.0,
    "f1-score": 1.0,
    "support": 83.0
  },
  "accuracy": 0.9873417721518988,
  "macro avg": {
    "precision": 0.8287671232876712,
    "recall": 0.8287671232876712,
    "f1-score": 0.8287671232876712,
    "support": 158.0
  },
  "weighted avg": {
    "precision": 0.9873417721518988,
    "recall": 0.9873417721518988,
    "f1-score": 0.9873417721518988,
    "support": 158.0
  }
}