{
  "accuracy": 0.9491228070175438,
  "precision": 0.8304093567251462,
  "recall": 0.9716520039100685,
  "f1": 0.8714710386451671
}