{
  "accuracy": 0.6437659033078881,
  "precision": 0.4970726614525791,
  "recall": 0.5406666666666666,
  "f1": 0.48005837775442783
}