{
  "accuracy": 0.9178403755868545,
  "precision": 0.7348484848484849,
  "recall": 0.9487967229902714,
  "f1": 0.7524313863936506
}