{
  "accuracy": 0.6153846153846154,
  "precision": 0.4824388789505069,
  "recall": 0.4711111111111111,
  "f1": 0.4737766682846774
}