{
  "accuracy": 0.8943758573388203,
  "precision": 0.7711419512448673,
  "recall": 0.9377578772802653,
  "f1": 0.8261606745039787
}