{
  "accuracy": 0.9310344827586207,
  "precision": 0.59,
  "recall": 0.6446666666666667,
  "f1": 0.6119767779277357
}