{
  "accuracy": 0.9859154929577465,
  "precision": 0.8666666666666667,
  "recall": 0.9906437648373133,
  "f1": 0.9119536567134819
}