{
  "Premise": {
    "precision": 0.9896373056994818,
    "recall": 0.9845360824742269,
    "f1-score": 0.9870801033591732,
    "support": 194.0
  },
  "Conclusion": {
    "precision": 0.8125,
    "recall": 0.8666666666666667,
    "f1-score": 0.8387096774193549,
    "support": 15.0
  },
  "accuracy": 0.9760765550239234,
  "macro avg": {
    "precision": 0.9010686528497409,
    "recall": 0.9256013745704468,
    "f1-score": 0.912894890389264,
    "support": 209.0
  },
  "weighted avg": {
    "precision": 0.9769241019411459,
    "recall": 0.9760765550239234,
    "f1-score": 0.9764315081960283,
    "support": 209.0
  }
}