{
  "node_classification": {
    "accuracy": 1.0,
    "precision": 1.0,
    "recall": 1.0,
    "f1": 1.0
  },
  "edge_classification": {
    "accuracy": 0.9844559585492227,
    "precision": 0.9310064935064934,
    "recall": 0.9889402834608315,
    "f1": 0.9567248843110913
  }
}