{
  "node_classification": {
    "accuracy": 0.9682151589242054,
    "precision": 0.6446935581744435,
    "recall": 0.6666666666666666,
    "f1": 0.6553560371517028
  },
  "edge_classification": {
    "accuracy": 0.8835616438356164,
    "precision": 0.7986230636833046,
    "recall": 0.9406651549508692,
    "f1": 0.8486120920799468
  }
}