{
  "accuracy": 0.2857142857142857,
  "precision": 0.09883720930232559,
  "recall": 0.3333333333333333,
  "f1": 0.15246636771300448
}