{
  "accuracy": 0.8352745424292846,
  "precision": 0.7680412371134021,
  "recall": 0.7339901477832512,
  "f1": 0.7506297229219143
}