{
  "Premise": {
    "precision": 0.9939577039274925,
    "recall": 0.9791666666666666,
    "f1-score": 0.9865067466266867,
    "support": 336.0
  },
  "Conclusion": {
    "precision": 0.6818181818181818,
    "recall": 0.8823529411764706,
    "f1-score": 0.7692307692307693,
    "support": 17.0
  },
  "accuracy": 0.9745042492917847,
  "macro avg": {
    "precision": 0.8378879428728372,
    "recall": 0.9307598039215685,
    "f1-score": 0.877868757928728,
    "support": 353.0
  },
  "weighted avg": {
    "precision": 0.9789254889817182,
    "recall": 0.9745042492917847,
    "f1-score": 0.9760430310013877,
    "support": 353.0
  }
}