{
  "node_classification": {
    "accuracy": 0.8082191780821918,
    "precision": 0.6735624796361511,
    "recall": 0.8864482200647249,
    "f1": 0.7307165747802222
  },
  "edge_classification": {
    "accuracy": 0.9265367316341829,
    "precision": 0.8060120326703494,
    "recall": 0.940861138861139,
    "f1": 0.8596652931395937
  }
}