{
  "accuracy": 0.8301886792452831,
  "precision": 0.934065934065934,
  "recall": 0.8125,
  "f1": 0.8329798515376458
}