{
  "accuracy": 0.8679867986798679,
  "precision": 0.5776255707762558,
  "recall": 0.6099290780141844,
  "f1": 0.584275515519196
}