{
  "node_classification": {
    "accuracy": 0.9827956989247312,
    "precision": 0.6568627450980392,
    "recall": 0.6666666666666666,
    "f1": 0.6616915422885572
  },
  "edge_classification": {
    "accuracy": 0.9254302103250478,
    "precision": 0.8611489040060469,
    "recall": 0.9559220801148115,
    "f1": 0.8980076285786739
  }
}