{
  "accuracy": 0.831946755407654,
  "precision": 0.7154811715481172,
  "recall": 0.8382352941176471,
  "f1": 0.7720090293453724
}