{
  "node_classification": {
    "accuracy": 0.9608695652173913,
    "precision": 0.830906148867314,
    "recall": 0.951808892571113,
    "f1": 0.879504045637115
  },
  "edge_classification": {
    "accuracy": 0.7717086834733894,
    "precision": 0.6369954807542465,
    "recall": 0.8903660130718954,
    "f1": 0.6780046224239907
  }
}