{
  "accuracy": 0.8664122137404581,
  "precision": 0.5733333333333334,
  "recall": 0.6073333333333334,
  "f1": 0.5798381538304445
}