{
  "node_classification": {
    "accuracy": 0.8282647584973166,
    "precision": 0.7562412714373498,
    "recall": 0.8690896912124533,
    "f1": 0.7955527497194165
  },
  "edge_classification": {
    "accuracy": 0.8930041152263375,
    "precision": 0.770064963635893,
    "recall": 0.9370912106135987,
    "f1": 0.825134173115595
  }
}