{
  "accuracy": 0.8727735368956743,
  "precision": 0.7799172278338945,
  "recall": 0.929358024691358,
  "f1": 0.8291031260280709
}