{
  "accuracy": 0.9965397923875432,
  "precision": 0.9444444444444445,
  "recall": 0.9967320261437909,
  "f1": 0.968054933572175
}