{
  "accuracy": 0.826797385620915,
  "precision": 0.7717259743403534,
  "recall": 0.902805049088359,
  "f1": 0.8078748541784172
}