{
  "node_classification": {
    "accuracy": 0.9764150943396226,
    "precision": 0.84375,
    "recall": 0.9875621890547264,
    "f1": 0.9011101781882638
  },
  "edge_classification": {
    "accuracy": 0.9620253164556962,
    "precision": 0.9727450508639781,
    "recall": 0.8710089399744572,
    "f1": 0.9101166463395566
  }
}