{
  "node_classification": {
    "accuracy": 0.8092909535452323,
    "precision": 0.5620754785514511,
    "recall": 0.5503486464315013,
    "f1": 0.5443019427349985
  },
  "edge_classification": {
    "accuracy": 0.8287671232876712,
    "precision": 0.7859392898052692,
    "recall": 0.8975812547241119,
    "f1": 0.8176849793094929
  }
}