{
  "accuracy": 0.7728571428571429,
  "precision": 0.5761699246847761,
  "recall": 0.5568540470687641,
  "f1": 0.5572825473367969
}