{
  "accuracy": 0.8679867986798679,
  "precision": 0.5759637188208617,
  "recall": 0.6099290780141844,
  "f1": 0.5831654764084722
}