{
  "accuracy": 0.9498861047835991,
  "precision": 0.6137291947818264,
  "recall": 0.6527250751890267,
  "f1": 0.6320156620387567
}