{
  "accuracy": 0.9872881355932204,
  "precision": 0.7999999999999999,
  "recall": 0.9915593286494926,
  "f1": 0.8528932678953062
}