{
  "accuracy": 0.9977477477477478,
  "precision": 0.9761904761904763,
  "recall": 0.9981785063752276,
  "f1": 0.9867410789785218
}