{
  "accuracy": 0.3781624500665779,
  "precision": 0.4241326769807783,
  "recall": 0.35400000000000004,
  "f1": 0.21702830128081604
}