{
  "accuracy": 0.4253393665158371,
  "precision": 0.35074626865671643,
  "recall": 0.593423019431988,
  "f1": 0.32528836248221
}