{
  "node_classification": {
    "accuracy": 1.0,
    "precision": 1.0,
    "recall": 1.0,
    "f1": 1.0
  },
  "edge_classification": {
    "accuracy": 0.8778625954198473,
    "precision": 0.7827799063431247,
    "recall": 0.9320246913580247,
    "f1": 0.8325412972538407
  }
}