{"accuracy": 0.9572953736654805, "precision": 0.98828125, "recall": 0.9656488549618321, "f1": 0.9768339768339769}