{
  "accuracy": 0.34478371501272265,
  "precision": 0.1289354504283298,
  "recall": 0.3541666666666667,
  "f1": 0.18903580791058106
}