{
  "accuracy": 0.7712230215827338,
  "precision": 0.6181148062265794,
  "recall": 0.8849964157706093,
  "f1": 0.6610588235294118
}