{
  "accuracy": 0.9159248269040554,
  "precision": 0.5962362694300518,
  "recall": 0.6361848574237955,
  "f1": 0.6121049861357375
}