{
  "accuracy": 0.5747599451303155,
  "precision": 0.5116203072775292,
  "recall": 0.5450959488272921,
  "f1": 0.4659831638863648
}