{
  "accuracy": 0.3422818791946309,
  "precision": 0.30129005409904286,
  "recall": 0.2585978835978836,
  "f1": 0.24834884145228972
}