{
  "accuracy": 0.7137150466045273,
  "precision": 0.597041847041847,
  "recall": 0.8566666666666666,
  "f1": 0.6094539468975881
}