{
  "Premise": {
    "precision": 1.0,
    "recall": 0.9855072463768116,
    "f1-score": 0.9927007299270073,
    "support": 69.0
  },
  "Conclusion": {
    "precision": 0.8,
    "recall": 1.0,
    "f1-score": 0.8888888888888888,
    "support": 4.0
  },
  "accuracy": 0.9863013698630136,
  "macro avg": {
    "precision": 0.9,
    "recall": 0.9927536231884058,
    "f1-score": 0.9407948094079481,
    "support": 73.0
  },
  "weighted avg": {
    "precision": 0.989041095890411,
    "recall": 0.9863013698630136,
    "f1-score": 0.9870124098701242,
    "support": 73.0
  }
}