{
  "accuracy": 0.785,
  "precision": 0.6712962962962963,
  "recall": 0.7142857142857143,
  "f1": 0.6921241050119332
}