{
  "accuracy": 0.8820577164366374,
  "precision": 0.7983570519495545,
  "recall": 0.9093299022130726,
  "f1": 0.8380884538737817
}