{
  "accuracy": 0.22938530734632684,
  "precision": 0.08471760797342193,
  "recall": 0.33116883116883117,
  "f1": 0.1349206349206349
}