{
  "accuracy": 0.9194244604316547,
  "precision": 0.5895316804407713,
  "recall": 0.6353333333333334,
  "f1": 0.6066136450559473
}