{
  "node_classification": {
    "accuracy": 0.9,
    "precision": 0.7125,
    "recall": 0.9460093896713615,
    "f1": 0.7697096338862044
  },
  "edge_classification": {
    "accuracy": 0.7717086834733894,
    "precision": 0.6369954807542465,
    "recall": 0.8903660130718954,
    "f1": 0.6780046224239907
  }
}