{
  "accuracy": 0.8918918918918919,
  "precision": 0.8409944881360488,
  "recall": 0.9261363636363636,
  "f1": 0.8720984530375575
}