{
  "node_classification": {
    "accuracy": 0.9023508137432188,
    "precision": 0.8262280356476014,
    "recall": 0.9293629489788895,
    "f1": 0.8666479893913076
  },
  "edge_classification": {
    "accuracy": 0.8908122503328895,
    "precision": 0.9176706827309237,
    "recall": 0.9453333333333332,
    "f1": 0.9232606368244128
  }
}