{
  "node_classification": {
    "accuracy": 0.8891170431211499,
    "precision": 0.5995890285504957,
    "recall": 0.6054437221872743,
    "f1": 0.5975228475228476
  },
  "edge_classification": {
    "accuracy": 0.8368121442125237,
    "precision": 0.8110809996988859,
    "recall": 0.9000089198109,
    "f1": 0.8342766343825666
  }
}