{
  "accuracy": 0.6499372647427855,
  "precision": 0.5517170162986236,
  "recall": 0.5938480013724481,
  "f1": 0.5305912776069331
}