{
  "accuracy": 0.8383333333333334,
  "precision": 0.7476635514018691,
  "recall": 0.7881773399014779,
  "f1": 0.7673860911270983
}