{
  "Premise": {
    "precision": 0.9893617021276596,
    "recall": 0.9755244755244755,
    "f1-score": 0.9823943661971831,
    "support": 286.0
  },
  "Conclusion": {
    "precision": 0.6956521739130435,
    "recall": 0.8421052631578947,
    "f1-score": 0.7619047619047619,
    "support": 19.0
  },
  "accuracy": 0.9672131147540983,
  "macro avg": {
    "precision": 0.8425069380203516,
    "recall": 0.908814869341185,
    "f1-score": 0.8721495640509724,
    "support": 305.0
  },
  "weighted avg": {
    "precision": 0.9710650429929786,
    "recall": 0.9672131147540983,
    "f1-score": 0.9686589482248683,
    "support": 305.0
  }
}