{
  "node_classification": {
    "accuracy": 1.0,
    "precision": 1.0,
    "recall": 1.0,
    "f1": 1.0
  },
  "edge_classification": {
    "accuracy": 0.9957264957264957,
    "precision": 0.9967637540453075,
    "recall": 0.9333333333333332,
    "f1": 0.9613369467028003
  }
}