{
  "accuracy": 0.941972920696325,
  "precision": 0.630499784273,
  "recall": 0.6302456140350877,
  "f1": 0.6285853585358536
}