{
  "accuracy": 0.9915254237288136,
  "precision": 0.6609008361053673,
  "recall": 0.6666666666666666,
  "f1": 0.6637677085080945
}