{
  "accuracy": 0.5944976076555024,
  "precision": 0.5177808302808303,
  "recall": 0.5683716256887531,
  "f1": 0.4734656782391087
}