{
  "accuracy": 0.8397435897435898,
  "precision": 0.5761832639151837,
  "recall": 0.5813648293963255,
  "f1": 0.5659414601323315
}