{
  "accuracy": 0.7870813397129187,
  "precision": 0.7239935587761673,
  "recall": 0.8777486687965922,
  "f1": 0.7532156929288623
}