{
  "accuracy": 0.9641350210970464,
  "precision": 0.9140094762453579,
  "recall": 0.867330016583748,
  "f1": 0.8882034968322227
}