{
  "accuracy": 0.83984375,
  "precision": 0.7869672244026716,
  "recall": 0.8959551099935777,
  "f1": 0.818257871370336
}