{
  "accuracy": 0.3601003764115433,
  "precision": 0.35945658319199175,
  "recall": 0.34600000000000003,
  "f1": 0.1960413334943539
}