{
  "accuracy": 0.9427966101694916,
  "precision": 0.6297411668530073,
  "recall": 0.6342701014832163,
  "f1": 0.6318342912312241
}