{
  "node_classification": {
    "accuracy": 0.8819444444444444,
    "precision": 0.6162215628090999,
    "recall": 0.5628019323671497,
    "f1": 0.5778628951701238
  },
  "edge_classification": {
    "accuracy": 0.8737623762376238,
    "precision": 0.8079690094078584,
    "recall": 0.9091951775822743,
    "f1": 0.8436198567382975
  }
}