{
  "accuracy": 0.9701754385964912,
  "precision": 0.8740740740740741,
  "recall": 0.9833822091886608,
  "f1": 0.9138531259655989
}