{
  "accuracy": 0.7953795379537953,
  "precision": 0.5431259411668232,
  "recall": 0.5708607091767625,
  "f1": 0.5360046391142954
}