{
  "Support": {
    "precision": 0.996031746031746,
    "recall": 0.9471698113207547,
    "f1-score": 0.9709864603481625,
    "support": 265.0
  },
  "Attack": {
    "precision": 0.6857142857142857,
    "recall": 0.8275862068965517,
    "f1-score": 0.75,
    "support": 29.0
  },
  "No Relation": {
    "precision": 0.9712230215827338,
    "recall": 0.9878048780487805,
    "f1-score": 0.9794437726723095,
    "support": 410.0
  },
  "accuracy": 0.9659090909090909,
  "macro avg": {
    "precision": 0.8843230177762552,
    "recall": 0.9208536320886956,
    "f1-score": 0.900143411006824,
    "support": 704.0
  },
  "weighted avg": {
    "precision": 0.9688005196492159,
    "recall": 0.9659090909090909,
    "f1-score": 0.9668087482782812,
    "support": 704.0
  }
}