{
  "accuracy": 0.8336106489184693,
  "precision": 0.7536945812807881,
  "recall": 0.7536945812807881,
  "f1": 0.7536945812807881
}