{
  "accuracy": 0.8444022770398482,
  "precision": 0.8147197261446298,
  "recall": 0.9045134243154044,
  "f1": 0.8396304814909467
}