{
  "accuracy": 0.8471615720524017,
  "precision": 0.846086620734508,
  "recall": 0.9194328556744664,
  "f1": 0.8671688021320684
}