{
  "node_classification": {
    "accuracy": 0.9967213114754099,
    "precision": 0.9982578397212544,
    "recall": 0.9736842105263157,
    "f1": 0.9856138861374464
  },
  "edge_classification": {
    "accuracy": 0.9842271293375394,
    "precision": 0.9882339742241295,
    "recall": 0.9506924546322827,
    "f1": 0.9679517830743963
  }
}