{
  "node_classification": {
    "accuracy": 0.9162995594713657,
    "precision": 0.9475075075075075,
    "recall": 0.8251140763771933,
    "f1": 0.8738156789838253
  },
  "edge_classification": {
    "accuracy": 0.8936651583710408,
    "precision": 0.8782383419689119,
    "recall": 0.9206081081081081,
    "f1": 0.8875592000216503
  }
}