{
  "accuracy": 0.8382978723404255,
  "precision": 0.7754626020063413,
  "recall": 0.8947583008434625,
  "f1": 0.816572733418227
}