{
  "node_classification": {
    "accuracy": 0.695364238410596,
    "precision": 0.5740740740740741,
    "recall": 0.8391608391608392,
    "f1": 0.5331989247311828
  },
  "edge_classification": {
    "accuracy": 0.7515683814303639,
    "precision": 0.6877242822966507,
    "recall": 0.8604975124378109,
    "f1": 0.7133674273946572
  }
}