{
  "node_classification": {
    "accuracy": 0.990909090909091,
    "precision": 0.6590909090909091,
    "recall": 0.6666666666666666,
    "f1": 0.6628352490421455
  },
  "edge_classification": {
    "accuracy": 0.9235807860262009,
    "precision": 0.8912698412698412,
    "recall": 0.9597164278372331,
    "f1": 0.9196400552836627
  }
}