{
  "accuracy": 0.3905852417302799,
  "precision": 0.4448822591237452,
  "recall": 0.35800000000000004,
  "f1": 0.22266611160206737
}