{
  "accuracy": 0.9345991561181435,
  "precision": 0.6221264367816092,
  "recall": 0.6424010217113666,
  "f1": 0.6302110355572492
}