{"accuracy": 0.9644128113879004, "precision": 0.9719101123595506, "recall": 0.9904580152671756, "f1": 0.9810964083175804}