{
  "accuracy": 0.9736842105263158,
  "precision": 0.8869452542921931,
  "recall": 0.9546316038853352,
  "f1": 0.9132588010802136
}