{
  "accuracy": 0.33626097867001253,
  "precision": 0.11208699289000418,
  "recall": 0.3333333333333333,
  "f1": 0.1677621283255086
}