{
  "node_classification": {
    "accuracy": 1.0,
    "precision": 1.0,
    "recall": 1.0,
    "f1": 1.0
  },
  "edge_classification": {
    "accuracy": 0.8935406698564593,
    "precision": 0.7898669822277737,
    "recall": 0.9354888178913737,
    "f1": 0.8378973000683527
  }
}