{
  "accuracy": 0.8695106649937264,
  "precision": 0.5734767025089605,
  "recall": 0.6166666666666667,
  "f1": 0.585472972972973
}