{
  "node_classification": {
    "accuracy": 0.9143518518518519,
    "precision": 0.8577894327894328,
    "recall": 0.8776266004526874,
    "f1": 0.860160111562636
  },
  "edge_classification": {
    "accuracy": 0.8762376237623762,
    "precision": 0.8150448585231195,
    "recall": 0.9394982078853046,
    "f1": 0.8603074220465525
  }
}