{
  "node_classification": {
    "accuracy": 0.9012875536480687,
    "precision": 0.7051282051282051,
    "recall": 0.9470046082949308,
    "f1": 0.7629285556292855
  },
  "edge_classification": {
    "accuracy": 0.7137150466045273,
    "precision": 0.597041847041847,
    "recall": 0.8566666666666666,
    "f1": 0.6094539468975881
  }
}