{
  "accuracy": 0.8776371308016878,
  "precision": 0.5917807374522136,
  "recall": 0.6002935514000877,
  "f1": 0.5957886767898594
}