{
  "accuracy": 0.33288948069241014,
  "precision": 0.11096316023080338,
  "recall": 0.3333333333333333,
  "f1": 0.1665001665001665
}