{
  "accuracy": 0.9111969111969112,
  "precision": 0.8349489919257361,
  "recall": 0.9303337428337429,
  "f1": 0.8732760974140286
}