{
  "accuracy": 0.7106446776611695,
  "precision": 0.6210881824378757,
  "recall": 0.8698354978354979,
  "f1": 0.6550312096427034
}