{"accuracy": 0.9608540925266904, "precision": 0.9682835820895522, "recall": 0.9904580152671756, "f1": 0.9792452830188679}