{
  "accuracy": 0.22938530734632684,
  "precision": 0.08443708609271523,
  "recall": 0.33116883116883117,
  "f1": 0.13456464379947228
}