{
  "accuracy": 0.848585690515807,
  "precision": 0.7828282828282829,
  "recall": 0.7635467980295566,
  "f1": 0.773067331670823
}