{
  "accuracy": 0.8795518207282913,
  "precision": 0.7593251614603928,
  "recall": 0.9416993464052288,
  "f1": 0.8195009804947273
}