{
  "node_classification": {
    "accuracy": 0.8516129032258064,
    "precision": 0.5775171982489056,
    "recall": 0.5896464646464646,
    "f1": 0.5725895906779568
  },
  "edge_classification": {
    "accuracy": 0.8393881453154876,
    "precision": 0.8302444265377383,
    "recall": 0.9060402684563759,
    "f1": 0.8479580026455027
  }
}