{
  "accuracy": 0.3062583222370173,
  "precision": 0.11208576998050683,
  "recall": 0.3066666666666667,
  "f1": 0.16416845110635261
}