{
  "accuracy": 0.8811881188118812,
  "precision": 0.8299542184434271,
  "recall": 0.9348279976138397,
  "f1": 0.8670848616187968
}