{
  "node_classification": {
    "accuracy": 0.9278557114228457,
    "precision": 0.6195826903292181,
    "recall": 0.6329588014981273,
    "f1": 0.6240943141348397
  },
  "edge_classification": {
    "accuracy": 0.8181818181818182,
    "precision": 0.7771576478201084,
    "recall": 0.8849252013808977,
    "f1": 0.8009426393902928
  }
}