{
  "node_classification": {
    "accuracy": 1.0,
    "precision": 1.0,
    "recall": 1.0,
    "f1": 1.0
  },
  "edge_classification": {
    "accuracy": 0.9915254237288136,
    "precision": 0.8333333333333334,
    "recall": 0.9945355191256832,
    "f1": 0.8861340679522497
  }
}