{
  "accuracy": 0.7733516483516484,
  "precision": 0.5620378332874466,
  "recall": 0.7909047619047618,
  "f1": 0.5652868677654954
}