{
  "accuracy": 0.9641350210970464,
  "precision": 0.9504430587463079,
  "recall": 0.9195688225538973,
  "f1": 0.933688583505717
}