{
  "node_classification": {
    "accuracy": 0.9737470167064439,
    "precision": 0.6487609026720199,
    "recall": 0.6666666666666666,
    "f1": 0.6575868567974111
  },
  "edge_classification": {
    "accuracy": 0.918141592920354,
    "precision": 0.8345787545787546,
    "recall": 0.9576689976689976,
    "f1": 0.8824779306513549
  }
}