{
  "accuracy": 0.7553956834532374,
  "precision": 0.6096474358974359,
  "recall": 0.8776630824372761,
  "f1": 0.6474600525444698
}