{
  "accuracy": 0.8773946360153256,
  "precision": 0.8504269712546112,
  "recall": 0.9261825572801183,
  "f1": 0.8803334165487781
}