{
  "accuracy": 0.6750700280112045,
  "precision": 0.48208805103569957,
  "recall": 0.5116732026143791,
  "f1": 0.47087729394916816
}