{
  "accuracy": 0.6924101198402131,
  "precision": 0.5138238426635153,
  "recall": 0.48333333333333334,
  "f1": 0.4827434808893212
}