{
  "node_classification": {
    "accuracy": 0.9904306220095693,
    "precision": 0.995,
    "recall": 0.9090909090909092,
    "f1": 0.9474874371859296
  },
  "edge_classification": {
    "accuracy": 0.9859154929577465,
    "precision": 0.8759266484588372,
    "recall": 0.9187574671445639,
    "f1": 0.8949400299850074
  }
}