{
  "accuracy": 0.8002544529262087,
  "precision": 0.7219910207836939,
  "recall": 0.8924938271604939,
  "f1": 0.761554239444855
}