{
  "node_classification": {
    "accuracy": 0.9801762114537445,
    "precision": 0.6495238095238095,
    "recall": 0.6666666666666666,
    "f1": 0.6578690127077224
  },
  "edge_classification": {
    "accuracy": 0.9027149321266968,
    "precision": 0.8862433862433863,
    "recall": 0.9273648648648649,
    "f1": 0.8966587825897834
  }
}