{
  "node_classification": {
    "accuracy": 0.8415841584158416,
    "precision": 0.6417910447761194,
    "recall": 0.9154929577464789,
    "f1": 0.6747763864042934
  },
  "edge_classification": {
    "accuracy": 0.7964376590330788,
    "precision": 0.6955537627179419,
    "recall": 0.8893580246913579,
    "f1": 0.7352913786232825
  }
}