{
  "accuracy": 0.22664835164835165,
  "precision": 0.12339913733692022,
  "recall": 0.40922619047619047,
  "f1": 0.1661774975191511
}