{
  "accuracy": 0.8820577164366374,
  "precision": 0.7922979797979798,
  "recall": 0.9298308457711443,
  "f1": 0.8393167602610759
}