{
  "node_classification": {
    "accuracy": 0.9819639278557114,
    "precision": 0.6557971014492754,
    "recall": 0.6666666666666666,
    "f1": 0.6611418047882136
  },
  "edge_classification": {
    "accuracy": 0.8654545454545455,
    "precision": 0.798484447968984,
    "recall": 0.9141058972282602,
    "f1": 0.8336661765907049
  }
}