{
  "accuracy": 0.8449781659388647,
  "precision": 0.8458994708994708,
  "recall": 0.9194479714613942,
  "f1": 0.8658964609534952
}