{
  "accuracy": 0.509090909090909,
  "precision": 0.2545454545454545,
  "recall": 0.5,
  "f1": 0.3373493975903614
}