{
  "accuracy": 0.8854961832061069,
  "precision": 0.8551587301587302,
  "recall": 0.9450549450549451,
  "f1": 0.8875082854928044
}