{
  "accuracy": 0.7452948557089084,
  "precision": 0.6813460150530982,
  "recall": 0.8355090066906845,
  "f1": 0.7018223753523735
}