{
  "accuracy": 0.8378378378378378,
  "precision": 0.5698924731182796,
  "recall": 0.6117424242424242,
  "f1": 0.5801351325038456
}