{
  "accuracy": 0.8585690515806988,
  "precision": 0.7960199004975125,
  "recall": 0.7843137254901961,
  "f1": 0.7901234567901234
}