{
  "accuracy": 0.22338830584707647,
  "precision": 0.08858803670124425,
  "recall": 0.345987345987346,
  "f1": 0.14074892640825862
}