{
  "accuracy": 0.9742857142857143,
  "precision": 0.8732280503854107,
  "recall": 0.9737159909197716,
  "f1": 0.9109966127251159
}