{
  "accuracy": 0.2857142857142857,
  "precision": 0.09523809523809523,
  "recall": 0.3333333333333333,
  "f1": 0.14814814814814814
}