{
  "accuracy": 0.7703349282296651,
  "precision": 0.6944376378338643,
  "recall": 0.8668221512247071,
  "f1": 0.7204766365641029
}