{"accuracy": 0.6298932384341637, "precision": 0.99375, "recall": 0.6068702290076335, "f1": 0.7535545023696683}