{
  "node_classification": {
    "accuracy": 0.9398797595190381,
    "precision": 0.7829937591776798,
    "recall": 0.8887526615646735,
    "f1": 0.819828624035125
  },
  "edge_classification": {
    "accuracy": 0.82,
    "precision": 0.7779130152547875,
    "recall": 0.8860475358365654,
    "f1": 0.8022145433349844
  }
}