{
  "accuracy": 0.5275142314990512,
  "precision": 0.36810551558752996,
  "recall": 0.6137387387387387,
  "f1": 0.367562183107711
}