{
  "node_classification": {
    "accuracy": 0.9737470167064439,
    "precision": 0.6474694589877835,
    "recall": 0.6666666666666666,
    "f1": 0.6567834681042228
  },
  "edge_classification": {
    "accuracy": 0.8584070796460177,
    "precision": 0.7984259964457984,
    "recall": 0.9276689976689977,
    "f1": 0.8413505960749098
  }
}