{
  "accuracy": 0.9666666666666667,
  "precision": 0.8652482269503546,
  "recall": 0.9800654596032544,
  "f1": 0.9053675856307435
}