{
  "accuracy": 0.8483333333333334,
  "precision": 0.7745098039215687,
  "recall": 0.7783251231527094,
  "f1": 0.7764127764127764
}