{
  "node_classification": {
    "accuracy": 1.0,
    "precision": 1.0,
    "recall": 1.0,
    "f1": 1.0
  },
  "edge_classification": {
    "accuracy": 0.8948069241011984,
    "precision": 0.9199594731509625,
    "recall": 0.9473333333333334,
    "f1": 0.925927176100169
  }
}