{
  "accuracy": 0.8739837398373984,
  "precision": 0.8740079365079364,
  "recall": 0.9065189712248536,
  "f1": 0.8775460738921538
}