{
  "accuracy": 0.9389312977099237,
  "precision": 0.8996730720868653,
  "recall": 0.9584141348847232,
  "f1": 0.9265138511854764
}