{
  "accuracy": 0.37440191387559807,
  "precision": 0.12480063795853269,
  "recall": 0.3333333333333333,
  "f1": 0.18160719466202493
}