{
  "accuracy": 0.8386023294509152,
  "precision": 0.7688442211055276,
  "recall": 0.75,
  "f1": 0.7593052109181141
}