{
  "accuracy": 0.9339622641509434,
  "precision": 0.9457070707070708,
  "recall": 0.9504851598173515,
  "f1": 0.9480106100795757
}