{
  "accuracy": 0.9915254237288136,
  "precision": 0.8333333333333334,
  "recall": 0.9945355191256832,
  "f1": 0.8861340679522497
}