{
  "accuracy": 0.2507002801120448,
  "precision": 0.10776830867203596,
  "recall": 0.3215071507150715,
  "f1": 0.15938790277955137
}