{
  "accuracy": 0.7521008403361344,
  "precision": 0.5675521805195335,
  "recall": 0.7598169934640522,
  "f1": 0.5771898627529294
}