{"accuracy": 0.7564553990610329, "precision": 0.5854374633000586, "recall": 0.3344370860927152, "f1": 0.2892836926621449}