{
  "accuracy": 0.8811188811188811,
  "precision": 0.5949367088607594,
  "recall": 0.6177777777777779,
  "f1": 0.6000986444886643
}