{"accuracy": 0.9626334519572953, "precision": 0.9864603481624759, "recall": 0.9732824427480916, "f1": 0.9798270893371758}