{"accuracy": 0.9448398576512456, "precision": 0.9695238095238096, "recall": 0.9713740458015268, "f1": 0.9704480457578646}