{
  "node_classification": {
    "accuracy": 0.8837209302325582,
    "precision": 0.7585775335775335,
    "recall": 0.6402862637865844,
    "f1": 0.665767043288657
  },
  "edge_classification": {
    "accuracy": 0.8227571115973742,
    "precision": 0.7227272727272727,
    "recall": 0.9077479492915734,
    "f1": 0.770594385406426
  }
}