{
  "accuracy": 0.7478042659974906,
  "precision": 0.6862752375296912,
  "recall": 0.858497512437811,
  "f1": 0.7107773378052724
}