{
  "node_classification": {
    "accuracy": 0.9578947368421052,
    "precision": 0.8275193798449612,
    "recall": 0.911525974025974,
    "f1": 0.8635057471264368
  },
  "edge_classification": {
    "accuracy": 0.5367316341829086,
    "precision": 0.5800310800310801,
    "recall": 0.7925021645021645,
    "f1": 0.5445178349646607
  }
}