{
  "node_classification": {
    "accuracy": 0.836104513064133,
    "precision": 0.5901237405662184,
    "recall": 0.5503875968992248,
    "f1": 0.5539591070132753
  },
  "edge_classification": {
    "accuracy": 0.8619854721549637,
    "precision": 0.7784205693296603,
    "recall": 0.9341730800064134,
    "f1": 0.831897550618541
  }
}