{"accuracy": 0.9306049822064056, "precision": 0.9918864097363083, "recall": 0.933206106870229, "f1": 0.9616519174041298}