{
  "accuracy": 0.9312977099236641,
  "precision": 0.9210526315789473,
  "recall": 0.9457831325301205,
  "f1": 0.9284804367606916
}