{
  "accuracy": 0.7662835249042146,
  "precision": 0.4974191962639794,
  "recall": 0.5241130820399112,
  "f1": 0.5092192123833371
}