{
  "accuracy": 0.3758169934640523,
  "precision": 0.12820512820512822,
  "recall": 0.3333333333333333,
  "f1": 0.1851851851851852
}