{
  "accuracy": 0.8211382113821138,
  "precision": 0.5766871165644172,
  "recall": 0.5848484848484848,
  "f1": 0.5680250860495596
}