{
  "accuracy": 0.8435940099833611,
  "precision": 0.7696078431372549,
  "recall": 0.7696078431372549,
  "f1": 0.7696078431372549
}