{
  "Premise": {
    "precision": 0.9929328621908127,
    "recall": 0.9825174825174825,
    "f1-score": 0.9876977152899824,
    "support": 286.0
  },
  "Conclusion": {
    "precision": 0.7727272727272727,
    "recall": 0.8947368421052632,
    "f1-score": 0.8292682926829268,
    "support": 19.0
  },
  "accuracy": 0.9770491803278688,
  "macro avg": {
    "precision": 0.8828300674590427,
    "recall": 0.9386271623113729,
    "f1-score": 0.9084830039864547,
    "support": 305.0
  },
  "weighted avg": {
    "precision": 0.9792151369455431,
    "recall": 0.9770491803278688,
    "f1-score": 0.9778283414226576,
    "support": 305.0
  }
}