{
  "accuracy": 0.6596701649175413,
  "precision": 0.5004891485911206,
  "recall": 0.593940725940726,
  "f1": 0.48504649601764593
}