{
  "accuracy": 0.7872340425531915,
  "precision": 0.7411924119241192,
  "recall": 0.8602043676579263,
  "f1": 0.7815733921928611
}