{
  "accuracy": 0.33155792276964047,
  "precision": 0.11608391608391609,
  "recall": 0.332,
  "f1": 0.17202072538860103
}