{"accuracy": 0.8665480427046264, "precision": 0.9934065934065934, "recall": 0.8625954198473282, "f1": 0.923391215526047}