{
  "accuracy": 0.8828382838283828,
  "precision": 0.7895956607495069,
  "recall": 0.7488416695150203,
  "f1": 0.755782300813177
}