{
  "accuracy": 0.9954954954954955,
  "precision": 0.9555555555555556,
  "recall": 0.9963570127504554,
  "f1": 0.9743589743589745
}