{
  "accuracy": 0.7822966507177034,
  "precision": 0.6992263594367452,
  "recall": 0.8734888178913738,
  "f1": 0.7287358163228558
}