{
  "accuracy": 0.8931297709923665,
  "precision": 0.8632423756019261,
  "recall": 0.911872441284206,
  "f1": 0.8856311160658987
}