{
  "accuracy": 0.879286694101509,
  "precision": 0.5651672433679354,
  "recall": 0.6266666666666666,
  "f1": 0.5855261253437546
}