{
  "node_classification": {
    "accuracy": 0.9682151589242054,
    "precision": 0.6446935581744435,
    "recall": 0.6666666666666666,
    "f1": 0.6553560371517028
  },
  "edge_classification": {
    "accuracy": 0.9292237442922374,
    "precision": 0.8330071754729289,
    "recall": 0.9633408919123205,
    "f1": 0.8826543006169274
  }
}