{
  "accuracy": 0.8302828618968386,
  "precision": 0.7575757575757576,
  "recall": 0.7352941176470589,
  "f1": 0.746268656716418
}