{
  "accuracy": 0.32212885154061627,
  "precision": 0.43217054263565896,
  "recall": 0.3506666666666667,
  "f1": 0.18541947290945568
}