{
  "accuracy": 0.9810725552050473,
  "precision": 0.9337374254777252,
  "recall": 0.9678083158466569,
  "f1": 0.9496901707542534
}