{
  "accuracy": 0.5340909090909091,
  "precision": 0.4186868686868687,
  "recall": 0.42138468290542025,
  "f1": 0.3639367423206636
}