{
  "accuracy": 0.83984375,
  "precision": 0.7749865618490895,
  "recall": 0.8910568309222916,
  "f1": 0.8176059559038283
}