{
  "accuracy": 0.823943661971831,
  "precision": 0.6090062111801242,
  "recall": 0.6056261540132508,
  "f1": 0.5903864390706496
}