{
  "conv2_post_dropout": {
    "raw": {
      "mean": 0.2547358274459839,
      "std": 0.5918609499931335,
      "min": 0.0,
      "max": 4.149521350860596,
      "shape": [
        56,
        64
      ]
    },
    "processed": {
      "mean": 0.6033827066421509,
      "std": 1.6803810596466064,
      "min": 0.0,
      "max": 14.729819297790527,
      "shape": [
        56,
        64
      ]
    },
    "normalized_l2_distance": 2.817202091217041,
    "cosine_similarity": 0.13431964814662933
  },
  "conv3_with_skip": {
    "raw": {
      "mean": 0.1410728394985199,
      "std": 1.0179054737091064,
      "min": -3.264706611633301,
      "max": 3.9466867446899414,
      "shape": [
        56,
        64
      ]
    },
    "processed": {
      "mean": 0.6158486008644104,
      "std": 2.7582104206085205,
      "min": -8.983308792114258,
      "max": 12.467315673828125,
      "shape": [
        56,
        64
      ]
    },
    "normalized_l2_distance": 2.9144787788391113,
    "cosine_similarity": 0.023126663640141487
  },
  "conv1_pre_relu": {
    "raw": {
      "mean": -0.06160758063197136,
      "std": 0.5301219820976257,
      "min": -1.6552228927612305,
      "max": 1.4102877378463745,
      "shape": [
        56,
        64
      ]
    },
    "processed": {
      "mean": 0.050931062549352646,
      "std": 1.5399686098098755,
      "min": -4.345737457275391,
      "max": 4.985032081604004,
      "shape": [
        56,
        64
      ]
    },
    "normalized_l2_distance": 2.87101149559021,
    "cosine_similarity": 0.19135785102844238
  },
  "conv2_pre_relu": {
    "raw": {
      "mean": -0.013069408014416695,
      "std": 0.6850787401199341,
      "min": -2.3649704456329346,
      "max": 2.128988027572632,
      "shape": [
        56,
        64
      ]
    },
    "processed": {
      "mean": -0.5159310698509216,
      "std": 2.2012245655059814,
      "min": -8.297712326049805,
      "max": 8.249051094055176,
      "shape": [
        56,
        64
      ]
    },
    "normalized_l2_distance": 3.477093458175659,
    "cosine_similarity": -0.027570633217692375
  },
  "conv1_post_dropout": {
    "raw": {
      "mean": 0.18205572664737701,
      "std": 0.46018826961517334,
      "min": 0.0,
      "max": 2.820575475692749,
      "shape": [
        56,
        64
      ]
    },
    "processed": {
      "mean": 0.6598339676856995,
      "std": 1.4372161626815796,
      "min": 0.0,
      "max": 9.397825241088867,
      "shape": [
        56,
        64
      ]
    },
    "normalized_l2_distance": 3.1672346591949463,
    "cosine_similarity": 0.18591977655887604
  },
  "input": {
    "raw": {
      "mean": 0.0012789738830178976,
      "std": 0.26196759939193726,
      "min": -1.7572588920593262,
      "max": 3.7103466987609863,
      "shape": [
        56,
        770
      ]
    },
    "processed": {
      "mean": 0.04951881989836693,
      "std": 0.8162779808044434,
      "min": -4.103799819946289,
      "max": 17.744049072265625,
      "shape": [
        56,
        770
      ]
    },
    "normalized_l2_distance": 2.9975204467773438,
    "cosine_similarity": 0.28208595514297485
  },
  "conv1_post_relu": {
    "raw": {
      "mean": 0.179120272397995,
      "std": 0.29436954855918884,
      "min": 0.0,
      "max": 1.4102877378463745,
      "shape": [
        56,
        64
      ]
    },
    "processed": {
      "mean": 0.6429618000984192,
      "std": 0.8985622525215149,
      "min": 0.0,
      "max": 4.985032081604004,
      "shape": [
        56,
        64
      ]
    },
    "normalized_l2_distance": 3.0239152908325195,
    "cosine_similarity": 0.33245569467544556
  },
  "output": {
    "raw": {
      "mean": 0.04215078428387642,
      "std": 0.19835226237773895,
      "min": -0.665783703327179,
      "max": 0.7277824282646179,
      "shape": [
        108,
        3
      ]
    },
    "processed": {
      "mean": 0.1140827015042305,
      "std": 0.4687909781932831,
      "min": -1.39841890335083,
      "max": 1.6043672561645508,
      "shape": [
        130,
        3
      ]
    }
  },
  "edge_features": {
    "raw": {
      "mean": 0.1587160974740982,
      "std": 1.0465691089630127,
      "min": -3.264706611633301,
      "max": 3.9466867446899414,
      "shape": [
        108,
        128
      ]
    },
    "processed": {
      "mean": 0.6747561097145081,
      "std": 2.6387453079223633,
      "min": -8.983308792114258,
      "max": 12.467315673828125,
      "shape": [
        130,
        128
      ]
    }
  },
  "conv2_post_relu": {
    "raw": {
      "mean": 0.26711294054985046,
      "std": 0.3812847137451172,
      "min": 0.0,
      "max": 2.128988027572632,
      "shape": [
        56,
        64
      ]
    },
    "processed": {
      "mean": 0.6391030550003052,
      "std": 1.1259840726852417,
      "min": 0.0,
      "max": 8.249051094055176,
      "shape": [
        56,
        64
      ]
    },
    "normalized_l2_distance": 2.658466100692749,
    "cosine_similarity": 0.30203527212142944
  }
}