{
  "node_classification": {
    "accuracy": 0.9409090909090909,
    "precision": 0.8342549923195085,
    "recall": 0.8709184871975569,
    "f1": 0.8486988067398213
  },
  "edge_classification": {
    "accuracy": 0.8449781659388647,
    "precision": 0.8458994708994708,
    "recall": 0.9194479714613942,
    "f1": 0.8658964609534952
  }
}