{
  "accuracy": 0.8694798822374877,
  "precision": 0.6203801706408578,
  "recall": 0.6674003231960204,
  "f1": 0.6360474631585725
}