{
  "node_classification": {
    "accuracy": 0.918552036199095,
    "precision": 0.6748979591836735,
    "recall": 0.870995670995671,
    "f1": 0.7278325123152709
  },
  "edge_classification": {
    "accuracy": 0.7697841726618705,
    "precision": 0.6154431216931217,
    "recall": 0.8843297491039426,
    "f1": 0.6567859831801347
  }
}