{
  "accuracy": 0.9827160493827161,
  "precision": 0.8505868297139645,
  "recall": 0.9630576208178439,
  "f1": 0.8903371243861119
}