{
  "Support": {
    "precision": 0.6666666666666666,
    "recall": 1.0,
    "f1-score": 0.8,
    "support": 2.0
  },
  "Attack": {
    "precision": 0.0,
    "recall": 0.0,
    "f1-score": 0.0,
    "support": 1.0
  },
  "No Relation": {
    "precision": 1.0,
    "recall": 1.0,
    "f1-score": 1.0,
    "support": 1.0
  },
  "accuracy": 0.75,
  "macro avg": {
    "precision": 0.5555555555555555,
    "recall": 0.6666666666666666,
    "f1-score": 0.6,
    "support": 4.0
  },
  "weighted avg": {
    "precision": 0.5833333333333333,
    "recall": 0.75,
    "f1-score": 0.65,
    "support": 4.0
  }
}