{
  "accuracy": 0.8226495726495726,
  "precision": 0.6032944402736069,
  "recall": 0.6022438371674129,
  "f1": 0.5871573663393016
}