{
  "accuracy": 0.8660287081339713,
  "precision": 0.8476344086021506,
  "recall": 0.9000814000814,
  "f1": 0.8690147910378082
}