{
  "Support": {
    "precision": 1.0,
    "recall": 0.974477958236659,
    "f1-score": 0.9870740305522914,
    "support": 431.0
  },
  "Attack": {
    "precision": 0.5454545454545454,
    "recall": 1.0,
    "f1-score": 0.7058823529411765,
    "support": 24.0
  },
  "No Relation": {
    "precision": 1.0,
    "recall": 0.9836660617059891,
    "f1-score": 0.9917657822506862,
    "support": 551.0
  },
  "accuracy": 0.9801192842942346,
  "macro avg": {
    "precision": 0.8484848484848485,
    "recall": 0.9860480066475494,
    "f1-score": 0.8949073885813847,
    "support": 1006.0
  },
  "weighted avg": {
    "precision": 0.9891559732514006,
    "recall": 0.9801192842942346,
    "f1-score": 0.982935417155819,
    "support": 1006.0
  }
}