{
  "accuracy": 0.8765957446808511,
  "precision": 0.8872750056960582,
  "recall": 0.8187241336535968,
  "f1": 0.8364927162087405
}