{
  "accuracy": 0.9175438596491228,
  "precision": 0.6044191919191919,
  "recall": 0.6480938416422287,
  "f1": 0.6237753919252748
}