{"accuracy": 0.7916666666666666, "precision": 0.5931723196382416, "recall": 0.6004748770861793, "f1": 0.5963389381308559}