{
  "accuracy": 0.8116666666666666,
  "precision": 0.7272727272727273,
  "recall": 0.7093596059113301,
  "f1": 0.7182044887780549
}