{
  "Premise": {
    "precision": 0.9964539007092199,
    "recall": 0.9825174825174825,
    "f1-score": 0.9894366197183099,
    "support": 286.0
  },
  "Conclusion": {
    "precision": 0.75,
    "recall": 0.9375,
    "f1-score": 0.8333333333333334,
    "support": 16.0
  },
  "accuracy": 0.9801324503311258,
  "macro avg": {
    "precision": 0.87322695035461,
    "recall": 0.9600087412587412,
    "f1-score": 0.9113849765258216,
    "support": 302.0
  },
  "weighted avg": {
    "precision": 0.9833967404067447,
    "recall": 0.9801324503311258,
    "f1-score": 0.9811662469297018,
    "support": 302.0
  }
}