{"accuracy": 0.9626334519572953, "precision": 0.979047619047619, "recall": 0.9809160305343512, "f1": 0.9799809342230696}