{"accuracy": 0.8034037558685446, "precision": 0.6737317872989722, "recall": 0.6683750058032114, "f1": 0.6619355797995069}