{
  "accuracy": 0.9803729146221786,
  "precision": 0.8686655969502723,
  "recall": 0.9340333128397648,
  "f1": 0.8961344537815127
}