{
  "accuracy": 0.8519134775374376,
  "precision": 0.7804878048780488,
  "recall": 0.7843137254901961,
  "f1": 0.78239608801956
}