{
  "accuracy": 0.7834928229665071,
  "precision": 0.7020081688223282,
  "recall": 0.8741554845580405,
  "f1": 0.7319079939668175
}