{"accuracy": 0.7758007117437722, "precision": 0.9975, "recall": 0.7614503816793893, "f1": 0.8636363636363636}