{
  "node_classification": {
    "accuracy": 0.9090909090909091,
    "precision": 0.7391304347826086,
    "recall": 0.9504132231404958,
    "f1": 0.7974424552429668
  },
  "edge_classification": {
    "accuracy": 0.8021978021978022,
    "precision": 0.6515010832559579,
    "recall": 0.9031785714285715,
    "f1": 0.6993824776018034
  }
}