{
  "accuracy": 0.9854881266490765,
  "precision": 0.9547953776925739,
  "recall": 0.8948315595522921,
  "f1": 0.9208783906764517
}