{
  "accuracy": 0.6711051930758988,
  "precision": 0.6475199663724254,
  "recall": 0.7093333333333334,
  "f1": 0.444631242447439
}