{
  "node_classification": {
    "accuracy": 0.9786223277909739,
    "precision": 0.650876463979562,
    "recall": 0.6666666666666666,
    "f1": 0.6586358674878731
  },
  "edge_classification": {
    "accuracy": 0.8813559322033898,
    "precision": 0.790356394129979,
    "recall": 0.9450056116722783,
    "f1": 0.8455533362673077
  }
}