{
  "accuracy": 0.8790322580645161,
  "precision": 0.5942028985507246,
  "recall": 0.5990338164251208,
  "f1": 0.5883818515604511
}