{"accuracy": 0.6548042704626335, "precision": 0.9969879518072289, "recall": 0.6316793893129771, "f1": 0.7733644859813084}