{
  "Premise": {
    "precision": 1.0,
    "recall": 0.9971014492753624,
    "f1-score": 0.9985486211901307,
    "support": 345.0
  },
  "Conclusion": {
    "precision": 0.96,
    "recall": 1.0,
    "f1-score": 0.9795918367346939,
    "support": 24.0
  },
  "accuracy": 0.997289972899729,
  "macro avg": {
    "precision": 0.98,
    "recall": 0.9985507246376812,
    "f1-score": 0.9890702289624123,
    "support": 369.0
  },
  "weighted avg": {
    "precision": 0.9973983739837399,
    "recall": 0.997289972899729,
    "f1-score": 0.9973156595995332,
    "support": 369.0
  }
}