{
  "accuracy": 0.8336106489184693,
  "precision": 0.7626262626262627,
  "recall": 0.7401960784313726,
  "f1": 0.7512437810945274
}