{
  "accuracy": 0.5244755244755245,
  "precision": 0.17482517482517482,
  "recall": 0.3333333333333333,
  "f1": 0.2293577981651376
}