{
  "accuracy": 0.8159509202453987,
  "precision": 0.7366666666666667,
  "recall": 0.7802332719459791,
  "f1": 0.7357061520688409
}