{
  "Premise": {
    "precision": 0.9907834101382489,
    "recall": 0.9953703703703703,
    "f1-score": 0.9930715935334873,
    "support": 216.0
  },
  "Conclusion": {
    "precision": 0.9333333333333333,
    "recall": 0.875,
    "f1-score": 0.9032258064516129,
    "support": 16.0
  },
  "accuracy": 0.9870689655172413,
  "macro avg": {
    "precision": 0.9620583717357911,
    "recall": 0.9351851851851851,
    "f1-score": 0.9481486999925501,
    "support": 232.0
  },
  "weighted avg": {
    "precision": 0.9868213358758409,
    "recall": 0.9870689655172413,
    "f1-score": 0.9868753323554269,
    "support": 232.0
  }
}