{
  "accuracy": 0.82,
  "precision": 0.7779130152547875,
  "recall": 0.8860475358365654,
  "f1": 0.8022145433349844
}