{
  "accuracy": 0.8834745762711864,
  "precision": 0.6152584782026406,
  "recall": 0.5968725604996097,
  "f1": 0.6010713464129613
}