{
  "accuracy": 0.8455598455598455,
  "precision": 0.7847712571116826,
  "recall": 0.9164107289107289,
  "f1": 0.8294831721333669
}