{
  "node_classification": {
    "accuracy": 0.9751937984496124,
    "precision": 0.8383838383838383,
    "recall": 0.982102908277405,
    "f1": 0.8841379310344828
  },
  "edge_classification": {
    "accuracy": 0.8935406698564593,
    "precision": 0.7898669822277737,
    "recall": 0.9354888178913737,
    "f1": 0.8378973000683527
  }
}