{
  "accuracy": 0.3450439146800502,
  "precision": 0.1886439070649597,
  "recall": 0.4650454623434552,
  "f1": 0.26696505475575244
}