{
  "node_classification": {
    "accuracy": 1.0,
    "precision": 1.0,
    "recall": 1.0,
    "f1": 1.0
  },
  "edge_classification": {
    "accuracy": 0.8791348600508906,
    "precision": 0.8257575757575758,
    "recall": 0.9349629629629629,
    "f1": 0.8646062736749264
  }
}