{
  "accuracy": 0.9020979020979021,
  "precision": 0.8938223938223938,
  "recall": 0.9368458781362007,
  "f1": 0.9084150785524766
}