{
  "accuracy": 0.8419301164725458,
  "precision": 0.7738693467336684,
  "recall": 0.7549019607843137,
  "f1": 0.7642679900744417
}