{
  "accuracy": 0.9757142857142858,
  "precision": 0.8826969384244926,
  "recall": 0.9393481705430741,
  "f1": 0.9063522037855627
}