{
  "node_classification": {
    "accuracy": 0.9899799599198397,
    "precision": 0.9938725490196078,
    "recall": 0.8148148148148149,
    "f1": 0.868702725845583
  },
  "edge_classification": {
    "accuracy": 0.8818181818181818,
    "precision": 0.8067830514639026,
    "recall": 0.9242069073292702,
    "f1": 0.8448743659313437
  }
}