{
  "accuracy": 0.8579545454545454,
  "precision": 0.8026652452025586,
  "recall": 0.9204520517884575,
  "f1": 0.8470253332472878
}