{
  "accuracy": 0.8833124215809285,
  "precision": 0.797997997997998,
  "recall": 0.9208241550866357,
  "f1": 0.8412862464959169
}