{
  "node_classification": {
    "accuracy": 1.0,
    "precision": 1.0,
    "recall": 1.0,
    "f1": 1.0
  },
  "edge_classification": {
    "accuracy": 0.8820577164366374,
    "precision": 0.7920605378856639,
    "recall": 0.9292537313432835,
    "f1": 0.8392159545997292
  }
}