{
  "accuracy": 0.9261744966442953,
  "precision": 0.8787943871706757,
  "recall": 0.9390211640211641,
  "f1": 0.9007218271924154
}