{
  "accuracy": 0.818359375,
  "precision": 0.7819767441860465,
  "recall": 0.8834046305064821,
  "f1": 0.8031180224861192
}