{
  "accuracy": 0.5660377358490566,
  "precision": 0.3879310344827586,
  "recall": 0.3441780821917808,
  "f1": 0.364724183319373
}