{
  "accuracy": 0.8957475994513031,
  "precision": 0.7772688310296797,
  "recall": 0.9394162520729684,
  "f1": 0.8322079714075455
}