{
  "accuracy": 0.8297872340425532,
  "precision": 0.7685055503682955,
  "recall": 0.8882858089340774,
  "f1": 0.8107007170836957
}