{
  "accuracy": 0.8821138211382114,
  "precision": 0.8778224904985468,
  "recall": 0.9125795772854596,
  "f1": 0.8837973977287331
}