{
  "accuracy": 0.7311385459533608,
  "precision": 0.6356397878300256,
  "recall": 0.8584245439469319,
  "f1": 0.661854162761245
}