{
  "accuracy": 0.8712871287128713,
  "precision": 0.8188131313131314,
  "recall": 0.9093756213959038,
  "f1": 0.8566315406343933
}