{
  "accuracy": 0.9701754385964912,
  "precision": 0.8740740740740741,
  "recall": 0.9820204938163531,
  "f1": 0.9132115106830146
}