{
  "accuracy": 0.3035971223021583,
  "precision": 0.4258706467661691,
  "recall": 0.35000000000000003,
  "f1": 0.17660584483014388
}