{
  "accuracy": 0.8680981595092024,
  "precision": 0.7808100772129549,
  "recall": 0.9096827743625658,
  "f1": 0.8285450754716365
}