{
  "accuracy": 0.5457967377666249,
  "precision": 0.5178333116941484,
  "recall": 0.6026278950077201,
  "f1": 0.46400516964242033
}