{
  "accuracy": 0.26762589928057556,
  "precision": 0.09253731343283582,
  "recall": 0.3333333333333333,
  "f1": 0.14485981308411214
}