{
  "accuracy": 0.8522727272727273,
  "precision": 0.8040540540540541,
  "recall": 0.9301075268817204,
  "f1": 0.8455912358351383
}