{
  "Premise": {
    "precision": 1.0,
    "recall": 0.900497512437811,
    "f1-score": 0.9476439790575916,
    "support": 201.0
  },
  "Conclusion": {
    "precision": 0.3548387096774194,
    "recall": 1.0,
    "f1-score": 0.5238095238095238,
    "support": 11.0
  },
  "accuracy": 0.9056603773584906,
  "macro avg": {
    "precision": 0.6774193548387097,
    "recall": 0.9502487562189055,
    "f1-score": 0.7357267514335577,
    "support": 212.0
  },
  "weighted avg": {
    "precision": 0.9665246500304322,
    "recall": 0.9056603773584906,
    "f1-score": 0.9256525686437768,
    "support": 212.0
  }
}