{
  "accuracy": 0.9903100775193798,
  "precision": 0.8148148148148149,
  "recall": 0.9942129629629629,
  "f1": 0.8688760159863488
}