{
  "accuracy": 0.9135021097046413,
  "precision": 0.617341259647964,
  "recall": 0.6284859228760412,
  "f1": 0.6209380000310699
}