{
  "node_classification": {
    "accuracy": 1.0,
    "precision": 1.0,
    "recall": 1.0,
    "f1": 1.0
  },
  "edge_classification": {
    "accuracy": 0.9980237154150198,
    "precision": 0.8333333333333334,
    "recall": 0.9986666666666667,
    "f1": 0.8882208862168781
  }
}