{
  "accuracy": 0.28085106382978725,
  "precision": 0.38184201901016057,
  "recall": 0.34365167969146454,
  "f1": 0.16597554492291333
}