{
  "node_classification": {
    "accuracy": 1.0,
    "precision": 1.0,
    "recall": 1.0,
    "f1": 1.0
  },
  "edge_classification": {
    "accuracy": 0.9882629107981221,
    "precision": 0.9120036345358233,
    "recall": 0.8853046594982078,
    "f1": 0.8978285849147727
  }
}