{
  "accuracy": 0.9575757575757575,
  "precision": 0.9587871651457168,
  "recall": 0.9581128747795414,
  "f1": 0.9575695235296279
}