{
  "accuracy": 0.39593301435406697,
  "precision": 0.40090090090090086,
  "recall": 0.3453333333333333,
  "f1": 0.20814082754541097
}