{
  "accuracy": 0.9210526315789473,
  "precision": 0.6073209198209198,
  "recall": 0.6493680181691737,
  "f1": 0.6265527994250043
}