{
  "accuracy": 0.8783120706575074,
  "precision": 0.5617651698242886,
  "recall": 0.6174462127987476,
  "f1": 0.5815499648230223
}